Model,Added block,Parameter,Beta,SE,OR,OR 95% CI lower,OR 95% CI upper,p-value,p-value label,Significance
M0,국가 고정효과만,Intercept,-0.5303703041499688,0.017280919420771194,0.5883870471666865,0.5687921032102782,0.6086570388716267,7.483483920560048e-207,< .001,***
M0,국가 고정효과만,C(country_fe)[T.BE],-0.6688761279129466,0.0065990001239071274,0.5122839960615244,0.5057008801242924,0.5189528097247171,0.0,< .001,***
M0,국가 고정효과만,C(country_fe)[T.BG],-0.5324776810834242,0.001981485186665914,0.5871483994827291,0.5848725488586795,0.5894331058755665,0.0,< .001,***
M0,국가 고정효과만,C(country_fe)[T.CY],-0.7384790895340462,0.00308393407922217,0.4778401151709413,0.47496056983820883,0.48073711833459665,0.0,< .001,***
M0,국가 고정효과만,C(country_fe)[T.CZ],-1.350916674687571,0.0021318410222897362,0.25900273054650585,0.2579227889947882,0.2600871938923607,0.0,< .001,***
M0,국가 고정효과만,C(country_fe)[T.DE],-0.7050443348999431,0.006129076851136785,0.4940866684875396,0.4881868267044551,0.5000578111152217,0.0,< .001,***
M0,국가 고정효과만,C(country_fe)[T.DK],-1.0902271679139162,0.01430160593247609,0.33614012478184685,0.3268487345898439,0.3456956430629745,0.0,< .001,***
M0,국가 고정효과만,C(country_fe)[T.EE],-0.7857544292633658,0.003730544331475722,0.45577572150572415,0.45245536490755334,0.4591204446354782,0.0,< .001,***
M0,국가 고정효과만,C(country_fe)[T.ES],-0.98924849618656,0.0033613157991957817,0.3718560372740741,0.36941428021737915,0.3743139338733996,0.0,< .001,***
M0,국가 고정효과만,C(country_fe)[T.FI],-0.9150984932576892,0.011643910537047737,0.40047717984618286,0.3914411326143954,0.4097218156568705,0.0,< .001,***
M0,국가 고정효과만,C(country_fe)[T.FR],-1.1644361381488162,0.0023415763180281986,0.3120985929179827,0.31066952778484197,0.31353423168314115,0.0,< .001,***
M0,국가 고정효과만,C(country_fe)[T.GR],-1.7049995075463868,0.00629334511028572,0.1817724756898579,0.1795441325823579,0.18402847502278463,0.0,< .001,***
M0,국가 고정효과만,C(country_fe)[T.HR],-0.9423501566914462,0.0016951251633073963,0.3897108766577496,0.38841825585207607,0.3910077991884891,0.0,< .001,***
M0,국가 고정효과만,C(country_fe)[T.HU],-0.4423967495781201,0.006864752234881456,0.6424946753898211,0.6339080182332617,0.6511976438707422,0.0,< .001,***
M0,국가 고정효과만,C(country_fe)[T.IE],-0.6302359727336584,0.0034994127029873276,0.5324661386907128,0.5288265965834503,0.53613072921051,0.0,< .001,***
M0,국가 고정효과만,C(country_fe)[T.IT],-0.7084527835381931,0.0009766501617344337,0.4924054662285477,0.4914638056577946,0.49334893105145583,0.0,< .001,***
M0,국가 고정효과만,C(country_fe)[T.LT],-0.813720506590573,0.00016067800058793777,0.44320604394121316,0.44306649009797777,0.4433456417400976,0.0,< .001,***
M0,국가 고정효과만,C(country_fe)[T.LU],-0.8238618248423736,0.020421640922670507,0.43873406460845665,0.42152023079283896,0.45665086841930885,0.0,< .001,***
M0,국가 고정효과만,C(country_fe)[T.LV],-1.1671855704438687,1.3631803589739427e-05,0.31124167752261683,0.3112333619270934,0.31124999334031805,0.0,< .001,***
M0,국가 고정효과만,C(country_fe)[T.MT],-1.1399124269070877,0.010356978435748261,0.3198470305836058,0.31341981296894456,0.3264060494582924,0.0,< .001,***
M0,국가 고정효과만,C(country_fe)[T.NL],-1.1247035187127097,0.008082220880788074,0.32474873500986756,0.31964496594059466,0.3299339959263085,0.0,< .001,***
M0,국가 고정효과만,C(country_fe)[T.PL],-0.6592125211606726,0.006051770316935337,0.5172585042784438,0.5111594138107686,0.5234303683340211,0.0,< .001,***
M0,국가 고정효과만,C(country_fe)[T.PT],-0.7375673879428021,0.005181748834733347,0.4782759614149704,0.4734431537337369,0.48315810137590764,0.0,< .001,***
M0,국가 고정효과만,C(country_fe)[T.RO],-1.086863515746712,0.006529679209612597,0.3372726869458104,0.33298379567306635,0.34161681991075826,0.0,< .001,***
M0,국가 고정효과만,C(country_fe)[T.SE],-0.6949767847824088,0.018137466070430035,0.49908603424152836,0.4816557821115793,0.5171470556897273,0.0,< .001,***
M0,국가 고정효과만,C(country_fe)[T.SI],-0.4346378607687144,0.003683279410720175,0.6474991094548375,0.6428415836656396,0.652190380021953,0.0,< .001,***
M0,국가 고정효과만,C(country_fe)[T.SK],-0.4696552000803971,0.0027863519066857185,0.6252178061711442,0.6218127046800663,0.6286415542998306,0.0,< .001,***
M0,국가 고정효과만,public_sector,-0.028028392359125763,0.06788816709722154,0.9723607587934571,0.8512182205980127,1.1107438989935492,0.6797082856040895,0.680,
M1,연령 및 성별,Intercept,-0.2753924518859922,0.1062089043228102,0.7592740861990834,0.6165856237278958,0.9349831001377126,0.009516162250956207,0.010,**
M1,연령 및 성별,C(country_fe)[T.BE],-0.6772150380935134,0.007437922543231763,0.5080298678795592,0.5006774996725417,0.5154902044260504,0.0,< .001,***
M1,연령 및 성별,C(country_fe)[T.BG],-0.5272811672048004,0.0026417215387171005,0.5902074656454847,0.5871594584128111,0.5932712954080643,0.0,< .001,***
M1,연령 및 성별,C(country_fe)[T.CY],-0.7559267214848573,0.01199559488488284,0.4695752475589703,0.45866386593023295,0.4807462054436363,0.0,< .001,***
M1,연령 및 성별,C(country_fe)[T.CZ],-1.341806995508309,0.003785379192692295,0.261372941869483,0.2594409377707328,0.2633193332113169,0.0,< .001,***
M1,연령 및 성별,C(country_fe)[T.DE],-0.7085227773337586,0.006433579493006547,0.49237100210716056,0.4862013884279523,0.49861890460630354,0.0,< .001,***
M1,연령 및 성별,C(country_fe)[T.DK],-1.0617361716063511,0.017787587911219677,0.34585482544671414,0.3340050376668899,0.35812501847373984,0.0,< .001,***
M1,연령 및 성별,C(country_fe)[T.EE],-0.7861406994977533,0.00413438908345124,0.45559970290851093,0.45192278056644597,0.4593065413302492,0.0,< .001,***
M1,연령 및 성별,C(country_fe)[T.ES],-1.0003961879968832,0.00583654789482313,0.3677337206208227,0.3635510282013046,0.37196453535198126,0.0,< .001,***
M1,연령 및 성별,C(country_fe)[T.FI],-0.9077431325899721,0.014807100226731545,0.4034336937268315,0.3918937523904676,0.4153134471812362,0.0,< .001,***
M1,연령 및 성별,C(country_fe)[T.FR],-1.177343981733451,0.005654176057962533,0.3080959613426224,0.30470049660691445,0.311529263826873,0.0,< .001,***
M1,연령 및 성별,C(country_fe)[T.GR],-1.7104162857303478,0.00715260824881034,0.18079051643783425,0.1782737229804996,0.1833428409268935,0.0,< .001,***
M1,연령 및 성별,C(country_fe)[T.HR],-0.9672372087301493,0.009611658547849672,0.3801318135182897,0.3730377293745194,0.3873608063479006,0.0,< .001,***
M1,연령 및 성별,C(country_fe)[T.HU],-0.4356350712536684,0.00861408872016494,0.6468537383927669,0.636024385176323,0.6578674790223664,0.0,< .001,***
M1,연령 및 성별,C(country_fe)[T.IE],-0.6333007079092785,0.006416045823725607,0.5308367690541951,0.5242031774195663,0.5375543062654067,0.0,< .001,***
M1,연령 및 성별,C(country_fe)[T.IT],-0.6979939589314793,0.00511903651553204,0.4975824741527864,0.49261512657839096,0.5025999106111676,0.0,< .001,***
M1,연령 및 성별,C(country_fe)[T.LT],-0.8062050564537736,0.0081804534770412,0.44654948485953316,0.4394468725885207,0.45376689394494824,0.0,< .001,***
M1,연령 및 성별,C(country_fe)[T.LU],-0.8377734052617498,0.02305899803026073,0.43267283875453977,0.4135535738829394,0.4526760188243531,5.105761289780501e-289,< .001,***
M1,연령 및 성별,C(country_fe)[T.LV],-1.1661017978308397,0.0025312711008455674,0.31157917558129117,0.31003719711007044,0.3131288231245712,0.0,< .001,***
M1,연령 및 성별,C(country_fe)[T.MT],-1.13970995929795,0.011091041031813149,0.31991179580338625,0.31303258129303946,0.3269421881626453,0.0,< .001,***
M1,연령 및 성별,C(country_fe)[T.NL],-1.0917649020549551,0.01426361768986108,0.3356236278550526,0.32637081359726783,0.345138765115147,0.0,< .001,***
M1,연령 및 성별,C(country_fe)[T.PL],-0.6690938893616598,0.010779832371390779,0.5121724525017738,0.5014647452933427,0.5231087998982492,0.0,< .001,***
M1,연령 및 성별,C(country_fe)[T.PT],-0.7426348955647,0.005621127908096828,0.47585842495081065,0.47064456739928273,0.48113004224812267,0.0,< .001,***
M1,연령 및 성별,C(country_fe)[T.RO],-1.1038747334011194,0.009246800035365139,0.3315837925573658,0.32562849659038684,0.3376480026716803,0.0,< .001,***
M1,연령 및 성별,C(country_fe)[T.SE],-0.6678248410875611,0.02365486192383672,0.5128228366658264,0.48958973283651996,0.5371584495498388,2.3656431067190935e-175,< .001,***
M1,연령 및 성별,C(country_fe)[T.SI],-0.44884169385827594,0.008387142951950024,0.6383671481354088,0.627959131426884,0.6489476709934324,0.0,< .001,***
M1,연령 및 성별,C(country_fe)[T.SK],-0.4685855806395451,0.005381965633768579,0.6258869090703336,0.6193194658898291,0.632523995322475,0.0,< .001,***
M1,연령 및 성별,C(gender)[T.2],0.048262405805427996,0.05632991801014298,1.0494459999197425,0.9397492404861841,1.1719476423069688,0.3915659052958891,0.392,
M1,연령 및 성별,C(gender)[T.3],0.7168577881286703,0.5574998420599152,2.047987877824361,0.6867246802080009,6.107621392673902,0.19849753509844936,0.198,
M1,연령 및 성별,public_sector,-0.027312922059357484,0.07097481583494063,0.9730567029710409,0.8466896986267477,1.1182837688146652,0.7003666730511,0.700,
M1,연령 및 성별,age,-0.006381629409428697,0.0023482985896770728,0.9936386899410329,0.9890758960910938,0.9982225328204745,0.006576632243956892,0.007,**
M2,교육수준,Intercept,-0.6758964098418933,0.13796030794158057,0.5087002122864168,0.3881770827241797,0.6666439558053957,9.622314985722813e-07,< .001,***
M2,교육수준,C(country_fe)[T.BE],-0.7177846899845295,0.017573346528138058,0.4878317583824364,0.47131537819722197,0.5049269247202818,0.0,< .001,***
M2,교육수준,C(country_fe)[T.BG],-0.557019305740731,0.012031146843759213,0.5729142034136796,0.559562572933689,0.5865844149516198,0.0,< .001,***
M2,교육수준,C(country_fe)[T.CY],-0.8007233483063254,0.0191607775974271,0.4490040602955257,0.4324546635298583,0.46618677786081625,0.0,< .001,***
M2,교육수준,C(country_fe)[T.CZ],-1.368926815195989,0.011939124851009512,0.2543798096634947,0.24849636286495536,0.2604025540591182,0.0,< .001,***
M2,교육수준,C(country_fe)[T.DE],-0.7202490025032408,0.009121270181510554,0.48663106851839383,0.4780086915235835,0.4954089769634874,0.0,< .001,***
M2,교육수준,C(country_fe)[T.DK],-1.197973951398838,0.051982310139177014,0.30180506462360956,0.2725706569022008,0.33417499178990195,1.620679465485281e-117,< .001,***
M2,교육수준,C(country_fe)[T.EE],-0.822338435807898,0.015934351015449356,0.43940293661831964,0.42589212609226285,0.45334235802935785,0.0,< .001,***
M2,교육수준,C(country_fe)[T.ES],-1.0127311645389132,0.00985489534790794,0.3632255947762744,0.35627712694338654,0.3703095784803014,0.0,< .001,***
M2,교육수준,C(country_fe)[T.FI],-1.0396537088379298,0.05187971681597434,0.3535771013864944,0.3193920016456943,0.3914210937678961,2.482836004859081e-89,< .001,***
M2,교육수준,C(country_fe)[T.FR],-1.2053162066437628,0.014168334297949788,0.2995972498929369,0.2913920605166326,0.30803348582755047,0.0,< .001,***
M2,교육수준,C(country_fe)[T.GR],-1.7376275799968002,0.01575791860931848,0.17593730306470312,0.17058654206440862,0.1814559005363616,0.0,< .001,***
M2,교육수준,C(country_fe)[T.HR],-0.9663588099316059,0.009395480366960893,0.3804658675414193,0.3735237782677197,0.38753697832937833,0.0,< .001,***
M2,교육수준,C(country_fe)[T.HU],-0.4315815484805361,0.008783204628454083,0.6494810961820248,0.6383961183006478,0.6607585513218126,0.0,< .001,***
M2,교육수준,C(country_fe)[T.IE],-0.6738848526134864,0.017127478236650527,0.5097245217587012,0.49289747249783605,0.5271260304206112,0.0,< .001,***
M2,교육수준,C(country_fe)[T.IT],-0.7093821281157152,0.004981245140964539,0.49194806445341643,0.4871685149360644,0.49677450553475183,0.0,< .001,***
M2,교육수준,C(country_fe)[T.LT],-0.8442618408837691,0.014220324122527536,0.4298745569478133,0.41805880939862605,0.44202425724959754,0.0,< .001,***
M2,교육수준,C(country_fe)[T.LU],-0.8858787897797218,0.02852703395531687,0.4123516435986456,0.3899289449404492,0.4360637500364904,1.0071667007961649e-211,< .001,***
M2,교육수준,C(country_fe)[T.LV],-1.194446018256381,0.011602502694723675,0.3028716931043415,0.296061964905884,0.30983805202080295,0.0,< .001,***
M2,교육수준,C(country_fe)[T.MT],-1.1709838030519069,0.01686253673335658,0.31006175146939874,0.2999817115340693,0.3204805027367565,0.0,< .001,***
M2,교육수준,C(country_fe)[T.NL],-1.1686309077769765,0.029898676224464134,0.31079215324184156,0.2931029881412836,0.3295488835826555,0.0,< .001,***
M2,교육수준,C(country_fe)[T.PL],-0.6978025722951399,0.016064639779118463,0.4976777139023329,0.4822518998321875,0.5135969542084547,0.0,< .001,***
M2,교육수준,C(country_fe)[T.PT],-0.7369757136121785,0.0051250799598687065,0.4785590287578763,0.4737759796624657,0.4833903655665336,0.0,< .001,***
M2,교육수준,C(country_fe)[T.RO],-1.1056264896517563,0.009472471650314843,0.3310034470364968,0.32491482987134557,0.3372061595139441,0.0,< .001,***
M2,교육수준,C(country_fe)[T.SE],-0.8028810162118531,0.052045016361223224,0.4480363030699793,0.40458744966200333,0.4961511510955463,1.0832552301914008e-53,< .001,***
M2,교육수준,C(country_fe)[T.SI],-0.48988411907148716,0.016710170365655697,0.6126973900132575,0.5929557809394358,0.6330962675400592,6.386427870383469e-189,< .001,***
M2,교육수준,C(country_fe)[T.SK],-0.4838079604440287,0.005786735812420609,0.6164315697912178,0.6094796283127347,0.6234628075875353,0.0,< .001,***
M2,교육수준,C(gender)[T.2],0.04606433926381168,0.05592666908981515,1.0471417811209442,0.9384272737868268,1.168450598568415,0.41013501942240116,0.410,
M2,교육수준,C(gender)[T.3],0.6970804079224286,0.5772953023842867,2.0078819453051175,0.647654701185967,6.224906418342568,0.22724209166194675,0.227,
M2,교육수준,public_sector,-0.06903137316579169,0.07506659084206306,0.9332973991248505,0.8056070489658632,1.081226928601664,0.3577808780410823,0.358,
M2,교육수준,age,-0.006302994856640645,0.0022750557632224156,0.993716827347159,0.9892956811585283,0.9981577315656625,0.00559738610912447,0.006,**
M2,교육수준,education_age,0.020997706410094612,0.008279757650564365,1.021219709375626,1.004781072642576,1.037927289050575,0.011211741443839329,0.011,*
M3,직업 유형,Intercept,-0.06957707657311367,0.14990208805233574,0.932788234493176,0.6953223205410282,1.2513533144339144,0.6425401739989289,0.643,
M3,직업 유형,C(country_fe)[T.BE],-0.658610814135275,0.01964661072086816,0.5175698360102668,0.49801879407335925,0.537888405689837,2.237940548672728e-246,< .001,***
M3,직업 유형,C(country_fe)[T.BG],-0.4424607271203792,0.01715345527457035,0.6424535714744528,0.621213235452206,0.6644201506747117,1.028390884362585e-146,< .001,***
M3,직업 유형,C(country_fe)[T.CY],-0.7817978536374952,0.018987566535291867,0.457582604794334,0.44086666323185664,0.4749323495576971,0.0,< .001,***
M3,직업 유형,C(country_fe)[T.CZ],-1.352929385976318,0.019010905395687106,0.25848195708603466,0.24902796592671497,0.26829485552112114,0.0,< .001,***
M3,직업 유형,C(country_fe)[T.DE],-0.6441422241859491,0.011630950826520948,0.5251127780188822,0.5132775900699063,0.5372208624988922,0.0,< .001,***
M3,직업 유형,C(country_fe)[T.DK],-1.091725556250823,0.04195270095524613,0.3356368334963679,0.3091429959151982,0.3644012171971396,2.7363435389472384e-149,< .001,***
M3,직업 유형,C(country_fe)[T.EE],-0.8078308271072414,0.01888962414917868,0.44582408763626286,0.42962015973926587,0.46263917698213225,0.0,< .001,***
M3,직업 유형,C(country_fe)[T.ES],-0.8976087779761258,0.015081839497082531,0.4075430213632824,0.3956724168646781,0.41976975695709645,0.0,< .001,***
M3,직업 유형,C(country_fe)[T.FI],-0.9513738261657435,0.03869896577590864,0.3862100733172182,0.3579999596376374,0.41664312164355244,1.875245676787116e-133,< .001,***
M3,직업 유형,C(country_fe)[T.FR],-1.207329549487693,0.01722236236047481,0.29899466472262476,0.28907047587410756,0.30925956468666904,0.0,< .001,***
M3,직업 유형,C(country_fe)[T.GR],-1.673674290122283,0.022817248724308254,0.18755666045612213,0.17935373036735558,0.19613476011567693,0.0,< .001,***
M3,직업 유형,C(country_fe)[T.HR],-0.9148560449924021,0.016727126317704684,0.4005742866149318,0.38765457359037686,0.4139245865485767,0.0,< .001,***
M3,직업 유형,C(country_fe)[T.HU],-0.320453823223198,0.019834260286676557,0.725819568543054,0.698145141276091,0.7545910082781615,1.0206858459806328e-58,< .001,***
M3,직업 유형,C(country_fe)[T.IE],-0.6172502236603835,0.018295793112480477,0.5394257001181685,0.5204250907095512,0.5591200177363701,1.642989687398352e-249,< .001,***
M3,직업 유형,C(country_fe)[T.IT],-0.6579696810274946,0.013911652840302645,0.517901773564429,0.5039712684598124,0.5322173382639364,0.0,< .001,***
M3,직업 유형,C(country_fe)[T.LT],-0.8332966986241864,0.01968173003124763,0.43461413017768374,0.4181679300357565,0.45170714582046784,0.0,< .001,***
M3,직업 유형,C(country_fe)[T.LU],-0.867354931934499,0.03228896053872865,0.4200611714777636,0.39430122485933133,0.4475040315845353,6.06315313313484e-159,< .001,***
M3,직업 유형,C(country_fe)[T.LV],-1.1285614928215246,0.013434384226344711,0.3234982764676504,0.3150914382693071,0.33212941440857424,0.0,< .001,***
M3,직업 유형,C(country_fe)[T.MT],-1.221463809126098,0.02876295834075147,0.29479832245741777,0.27863901956831955,0.31189476283094353,0.0,< .001,***
M3,직업 유형,C(country_fe)[T.NL],-1.2274371705746028,0.030990505862652028,0.2930426344229729,0.27577293643816825,0.3113938107875577,0.0,< .001,***
M3,직업 유형,C(country_fe)[T.PL],-0.5827339345085906,0.022215285233680375,0.5583697316457596,0.534579355111285,0.5832188509286038,1.1709624202051455e-151,< .001,***
M3,직업 유형,C(country_fe)[T.PT],-0.6795088280745358,0.01131627753006279,0.5068658895298486,0.4957476140153819,0.5182335178337605,0.0,< .001,***
M3,직업 유형,C(country_fe)[T.RO],-0.9746782050996925,0.02037750264036302,0.37731375167056685,0.36254112009722606,0.3926883305307234,0.0,< .001,***
M3,직업 유형,C(country_fe)[T.SE],-0.7098667021044698,0.04375254563942254,0.4917097369658783,0.4513012890768828,0.5357362615152299,3.3801864170822056e-59,< .001,***
M3,직업 유형,C(country_fe)[T.SI],-0.438118133344376,0.015087486654158287,0.6452495528670941,0.6264482788227331,0.6646151000009357,2.149234246947529e-185,< .001,***
M3,직업 유형,C(country_fe)[T.SK],-0.45120579810688133,0.013603439073850867,0.6368597641568285,0.6201040150791357,0.654068268127777,3.06392606084998e-241,< .001,***
M3,직업 유형,C(gender)[T.2],0.02674565350383826,0.05132001587903564,1.0271065285910808,0.9288205446268882,1.1357929442637364,0.6022591979272991,0.602,
M3,직업 유형,C(gender)[T.3],0.6940233484761369,0.5453239492664587,2.0017531037268523,0.6874322828308087,5.828960303958107,0.20313131494438896,0.203,
M3,직업 유형,C(occupation_code)[T.11],0.17345651065348996,0.16450211527534397,1.1894089590264525,0.8616021044374083,1.6419338631213394,0.29168457646923296,0.292,
M3,직업 유형,C(occupation_code)[T.12],0.08431236258385133,0.11511068082328249,1.087968681446077,0.8682284340598634,1.363323067263082,0.46389636509487187,0.464,
M3,직업 유형,C(occupation_code)[T.13],-0.17584217141828185,0.1070296278912163,0.8387503516694658,0.6800313442671498,1.0345143034308166,0.10039744640657294,0.100,
M3,직업 유형,C(occupation_code)[T.14],-0.3575284428292904,0.15059339968092053,0.6994028056652132,0.520645400334192,0.9395344398671092,0.01759031339658549,0.018,*
M3,직업 유형,C(occupation_code)[T.15],-0.24073637324537966,0.1356476228622323,0.7860488225759851,0.6025402392902087,1.0254464535031642,0.07594434564686421,0.076,
M3,직업 유형,C(occupation_code)[T.16],-0.5138786288354606,0.22183619310151464,0.5981709903668178,0.38725589472690064,0.9239589082788583,0.02053219216889496,0.021,*
M3,직업 유형,C(occupation_code)[T.17],-0.6118805393576628,0.1330220371093198,0.542330036538907,0.41786413246610554,0.7038696209614245,4.228086678479849e-06,< .001,***
M3,직업 유형,C(occupation_code)[T.18],-1.2931811325821474,0.2055651913399741,0.274396501572744,0.18340077304660263,0.4105404727832233,3.157189685267193e-10,< .001,***
M3,직업 유형,public_sector,-0.18433003588956978,0.0763042233127319,0.8316612804573649,0.716137160480487,0.9658212470749586,0.015703907694499284,0.016,*
M3,직업 유형,age,-0.006150976071118045,0.002198024487192563,0.9938679024552419,0.9895954805078192,0.9981587699085874,0.005135470784359869,0.005,**
M3,직업 유형,education_age,0.0026952539917632465,0.00654807077845812,1.0026988894542346,0.9899124947492398,1.0156504420801757,0.6806250121295242,0.681,
M4,조직 규모,Intercept,0.14440744935388364,0.19313285772403063,1.1553547611857926,0.7912621137403282,1.686981596888059,0.454634847203527,0.455,
M4,조직 규모,C(country_fe)[T.BE],-0.6890731324526335,0.022384690899318677,0.5020411791614379,0.4804912214179542,0.5245576492115885,4.39382520595493e-208,< .001,***
M4,조직 규모,C(country_fe)[T.BG],-0.39354147303786546,0.021406952942916533,0.6746633366585417,0.6469421961450537,0.7035723137916654,1.7706499738396472e-75,< .001,***
M4,조직 규모,C(country_fe)[T.CY],-0.7299770201862652,0.022167878426692714,0.4819200643962741,0.4614298395765346,0.5033201768677285,8.31768193575627e-238,< .001,***
M4,조직 규모,C(country_fe)[T.CZ],-1.3806347755876847,0.021898023347587024,0.25141890781070314,0.24085646286879045,0.26244455495122876,0.0,< .001,***
M4,조직 규모,C(country_fe)[T.DE],-0.6526267484649616,0.01656328685067506,0.5206762932500554,0.50404476563139,0.5378565969493214,0.0,< .001,***
M4,조직 규모,C(country_fe)[T.DK],-1.1244018552634667,0.05172764355141004,0.32484671461109715,0.29352684652359334,0.3595084716898002,9.17746971258386e-105,< .001,***
M4,조직 규모,C(country_fe)[T.EE],-0.7854760886581402,0.018183632453286466,0.4559026000528018,0.4399406914233859,0.4724436379422767,0.0,< .001,***
M4,조직 규모,C(country_fe)[T.ES],-0.8905601515253556,0.020392367030217094,0.4104257877196901,0.39434526099598044,0.42716204272338176,0.0,< .001,***
M4,조직 규모,C(country_fe)[T.FI],-0.9487622010545933,0.04300513158540052,0.3872200274796586,0.35591949543818796,0.42127321375512383,7.391428505545068e-108,< .001,***
M4,조직 규모,C(country_fe)[T.FR],-1.2230595907241446,0.025753766097790665,0.29432826387447464,0.2798403422360675,0.3095662556125801,0.0,< .001,***
M4,조직 규모,C(country_fe)[T.GR],-1.5764101043582237,0.03140795522694282,0.20671585613854868,0.19437450057692987,0.21984079728699205,0.0,< .001,***
M4,조직 규모,C(country_fe)[T.HR],-0.8729401475520387,0.022859799335718755,0.41772157890887246,0.3994189028736961,0.4368629432175343,0.0,< .001,***
M4,조직 규모,C(country_fe)[T.HU],-0.2949424731749881,0.021523885707624184,0.7445744192362334,0.7138170985391441,0.7766570272911062,9.7373088618547e-43,< .001,***
M4,조직 규모,C(country_fe)[T.IE],-0.6128313906126523,0.025101701612830877,0.5418146064305623,0.5158032824638595,0.5691376494139974,1.2163357938020831e-131,< .001,***
M4,조직 규모,C(country_fe)[T.IT],-0.6014285601691283,0.017408296288017534,0.5480281853868236,0.5296450605144352,0.5670493588416827,1.5071084566378275e-261,< .001,***
M4,조직 규모,C(country_fe)[T.LT],-0.8479760506302958,0.022623694952918223,0.4282808741468278,0.4097050870692045,0.4476988764579049,1.8255086902473306e-307,< .001,***
M4,조직 규모,C(country_fe)[T.LU],-0.8823798874000759,0.043375719566877004,0.41379694876203144,0.38007193727698996,0.4505144895240695,5.3864790480732856e-92,< .001,***
M4,조직 규모,C(country_fe)[T.LV],-1.1009262084812774,0.016458429639179293,0.3325629184118675,0.32200630985196915,0.343465613308826,0.0,< .001,***
M4,조직 규모,C(country_fe)[T.MT],-1.2698199733617268,0.033928375270608144,0.28088218350226135,0.2628114650119298,0.30019543099239127,1.4493364345557705e-306,< .001,***
M4,조직 규모,C(country_fe)[T.NL],-1.2723617817324857,0.04978351699287423,0.28016914140912,0.2541233037140106,0.3088844928848445,4.4864111497108347e-144,< .001,***
M4,조직 규모,C(country_fe)[T.PL],-0.5823811469585028,0.024065288144373403,0.5585667522866012,0.5328324563710045,0.5855439416827903,2.222094588998126e-129,< .001,***
M4,조직 규모,C(country_fe)[T.PT],-0.6015189934224512,0.019864479594233743,0.5479786276559736,0.527053794922374,0.5697342078941873,2.0311934876635877e-201,< .001,***
M4,조직 규모,C(country_fe)[T.RO],-0.935388022294332,0.025402683156618793,0.39243356301354965,0.37337337061517123,0.41246675178192793,8.086433334764335e-297,< .001,***
M4,조직 규모,C(country_fe)[T.SE],-0.7307676433262217,0.04905267713004923,0.4815391978225558,0.4373991457118674,0.5301336349484763,3.415820106215604e-50,< .001,***
M4,조직 규모,C(country_fe)[T.SI],-0.43381898863999996,0.01932309930177848,0.6480295455789762,0.6239459285442979,0.6730427633738136,1.256965403600541e-111,< .001,***
M4,조직 규모,C(country_fe)[T.SK],-0.4185306367923665,0.018782807103453023,0.6580129698766336,0.634229589059233,0.6826882188958073,5.444500507492332e-110,< .001,***
M4,조직 규모,C(gender)[T.2],0.044577913563836634,0.04897310076621138,1.0455864389026637,0.9498914157324657,1.1509220771030366,0.36268908099180486,0.363,
M4,조직 규모,C(gender)[T.3],0.7600848681929392,0.5559490882674043,2.1384576998364597,0.7192434940545762,6.35807118422519,0.17156754337658253,0.172,
M4,조직 규모,C(occupation_code)[T.11],0.16468001744587726,0.16762365823583716,1.1790157938608548,0.8488639815848505,1.637574773261118,0.32588362591851705,0.326,
M4,조직 규모,C(occupation_code)[T.12],0.06633647830589916,0.1180820601131913,1.068586212759944,0.8478088284648948,1.346856102180731,0.5742639664479172,0.574,
M4,조직 규모,C(occupation_code)[T.13],-0.17650786902422758,0.10765002600991382,0.8381921833746349,0.6787529626114337,1.0350837122939176,0.10107891940074792,0.101,
M4,조직 규모,C(occupation_code)[T.14],-0.34513230345111306,0.1553941130158785,0.7081266596690308,0.5222028482668973,0.9602463253469888,0.026350099069040588,0.026,*
M4,조직 규모,C(occupation_code)[T.15],-0.23052247608302032,0.1383401802311739,0.7941185861263765,0.6055220824052225,1.0414555425070924,0.09564470649450882,0.096,
M4,조직 규모,C(occupation_code)[T.16],-0.5280925300554131,0.22497306563731034,0.5897287874508178,0.3794503061920298,0.9165364662328392,0.018907032344455423,0.019,*
M4,조직 규모,C(occupation_code)[T.17],-0.6233608815863558,0.13967623791714837,0.5361395048215126,0.40774174725654516,0.7049696788820601,8.085833659446993e-06,< .001,***
M4,조직 규모,C(occupation_code)[T.18],-1.2876384165638048,0.20026565413684974,0.2759216262192592,0.18634567058903237,0.40855654748955295,1.2789660844373623e-10,< .001,***
M4,조직 규모,C(workplace_size)[T.2],-0.4346421315672451,0.2205562913668297,0.6474963441224972,0.42024201006587797,0.9976430380824532,0.04876243079997689,0.049,*
M4,조직 규모,C(workplace_size)[T.3],-0.1794530093199531,0.22423838345743713,0.8357272214109454,0.5385084101097141,1.2969899364523596,0.42354983883840625,0.424,
M4,조직 규모,C(workplace_size)[T.4],-0.017748293187686864,0.22386076258343798,0.9824082800965984,0.6334923687896958,1.5235006392362005,0.9368077397133747,0.937,
M4,조직 규모,C(workplace_size)[T.5],-0.09007712723373887,0.20876733177691692,0.9138606990053209,0.6069835561421135,1.3758879770887258,0.6661256635112109,0.666,
M4,조직 규모,public_sector,-0.23452308745091302,0.08148967059232533,0.7909479727080825,0.6741922934379738,0.9279232373613318,0.004002702883817227,0.004,**
M4,조직 규모,age,-0.00633615842359912,0.0022074861983243594,0.9936838726990673,0.9893938937584973,0.9979924528453116,0.004100761872026761,0.004,**
M4,조직 규모,education_age,0.0014388048285265225,0.006413542720197485,1.0014398404047984,0.9889302180711366,1.0141077050978007,0.8224938875154698,0.822,
M5,직무 디지털 역량,Intercept,-1.296193737253624,0.2285499792685952,0.27357109732288454,0.17479464254482718,0.4281661279821759,1.416519657455072e-08,< .001,***
M5,직무 디지털 역량,C(country_fe)[T.BE],-0.6267362649668821,0.024150010782328063,0.534332879189633,0.5096304537893858,0.5602326620400043,1.7351679337499105e-148,< .001,***
M5,직무 디지털 역량,C(country_fe)[T.BG],-0.417686875012011,0.02261683343095408,0.6585684103683698,0.6300128556689513,0.6884182556475029,3.739203036521054e-76,< .001,***
M5,직무 디지털 역량,C(country_fe)[T.CY],-0.7485977285146814,0.022244626614249648,0.47302940352830347,0.4528490665109287,0.4941090379766579,2.8212221295695818e-248,< .001,***
M5,직무 디지털 역량,C(country_fe)[T.CZ],-1.368141270927103,0.021760766405956332,0.25457971477197255,0.24395009840006368,0.2656724944914471,0.0,< .001,***
M5,직무 디지털 역량,C(country_fe)[T.DE],-0.588424574096595,0.01689731482143983,0.5552012745701873,0.5371151891281348,0.573896366224014,1.0705212407331646e-265,< .001,***
M5,직무 디지털 역량,C(country_fe)[T.DK],-1.2269314789442303,0.049064917937592774,0.2931908611058806,0.2663092767636007,0.32278590547303443,5.222657061593469e-138,< .001,***
M5,직무 디지털 역량,C(country_fe)[T.EE],-0.8741358460300735,0.02063806778958168,0.41722240834094476,0.4006825882530778,0.4344449774589898,0.0,< .001,***
M5,직무 디지털 역량,C(country_fe)[T.ES],-1.0292607530251334,0.02589350951370549,0.3572709744584656,0.3395917564593438,0.3758705762511141,0.0,< .001,***
M5,직무 디지털 역량,C(country_fe)[T.FI],-1.0701165080645259,0.04222060465239715,0.3429685564881569,0.3157301542088652,0.37255684695151386,9.98849055794247e-142,< .001,***
M5,직무 디지털 역량,C(country_fe)[T.FR],-1.2434623688287751,0.025018709227782966,0.2883839956118445,0.2745839769515504,0.30287757446140656,0.0,< .001,***
M5,직무 디지털 역량,C(country_fe)[T.GR],-1.6030125207800803,0.028380111973390597,0.20128921575336797,0.19039840797700489,0.21280297881219343,0.0,< .001,***
M5,직무 디지털 역량,C(country_fe)[T.HR],-0.8081852128515028,0.023790388360329835,0.4456661219272071,0.4253625064709956,0.46693887968985703,5.957713102987504e-253,< .001,***
M5,직무 디지털 역량,C(country_fe)[T.HU],-0.17216445570846983,0.021756162031691503,0.8418407162723852,0.8066981262855759,0.8785142403109041,2.5052305512996852e-15,< .001,***
M5,직무 디지털 역량,C(country_fe)[T.IE],-0.6765543403343632,0.026441271167904866,0.50836563298226,0.48269114581218403,0.5354057538441188,2.1256632151655092e-144,< .001,***
M5,직무 디지털 역량,C(country_fe)[T.IT],-0.4756284382047222,0.019266148035165326,0.6214943629128271,0.5984637077669236,0.6454113058478911,1.4655708882864331e-134,< .001,***
M5,직무 디지털 역량,C(country_fe)[T.LT],-0.9318896268334211,0.02332089768858409,0.3938088550641823,0.3762137750879425,0.4122268364328495,0.0,< .001,***
M5,직무 디지털 역량,C(country_fe)[T.LU],-0.9313202507211448,0.04170095951715819,0.3940331442654561,0.36310884924200926,0.42759111793566,1.7545933511870795e-110,< .001,***
M5,직무 디지털 역량,C(country_fe)[T.LV],-1.2157044251836153,0.02129656068490022,0.2965010778864191,0.2843797127460066,0.3091391025713837,0.0,< .001,***
M5,직무 디지털 역량,C(country_fe)[T.MT],-1.3254170874784204,0.03307203230617879,0.26569211911955204,0.24901626093395168,0.28348470857877794,0.0,< .001,***
M5,직무 디지털 역량,C(country_fe)[T.NL],-1.4304190723698622,0.048737269287565624,0.23920865549755957,0.2174160750234737,0.26318560326678786,2.418185077278609e-189,< .001,***
M5,직무 디지털 역량,C(country_fe)[T.PL],-0.5609321014520477,0.024705238043204434,0.5706768871108638,0.5437022708134873,0.5989897908560784,3.999556268432922e-114,< .001,***
M5,직무 디지털 역량,C(country_fe)[T.PT],-0.641730171011158,0.020741743464511218,0.5263809067443541,0.505411039496893,0.5482208288541188,3.5648164543070145e-210,< .001,***
M5,직무 디지털 역량,C(country_fe)[T.RO],-0.8308146988540187,0.02631642591644615,0.43569418213880035,0.41379113145838337,0.4587566187814493,9.4737268436388e-219,< .001,***
M5,직무 디지털 역량,C(country_fe)[T.SE],-0.9238492471212203,0.05056278471268181,0.39698799139759333,0.35953257854098797,0.43834543716023433,1.4000071635086116e-74,< .001,***
M5,직무 디지털 역량,C(country_fe)[T.SI],-0.4859214206918888,0.020127130222111787,0.615130141915404,0.5913366056281035,0.6398810557160648,8.928351844719139e-129,< .001,***
M5,직무 디지털 역량,C(country_fe)[T.SK],-0.3865710755628141,0.019250747217215394,0.6793824361695489,0.65422637597447,0.7055057874855273,1.0855505106136873e-89,< .001,***
M5,직무 디지털 역량,C(gender)[T.2],0.08865362296459667,0.04754452657666537,1.0927021038538616,0.9954783169422488,1.199421290695901,0.06223130115482411,0.062,
M5,직무 디지털 역량,C(gender)[T.3],0.9762323867114723,0.5247776828812007,2.6544364883165086,0.9490318003328846,7.4244435940235025,0.06284620221851876,0.063,
M5,직무 디지털 역량,C(occupation_code)[T.11],0.14670184103436112,0.1593106895688674,1.1580086408933983,0.847434801667323,1.582403755127117,0.357126804053277,0.357,
M5,직무 디지털 역량,C(occupation_code)[T.12],0.09448667866747393,0.11787861167518975,1.099094521631868,0.8723616936620914,1.3847567772148255,0.4228080209588392,0.423,
M5,직무 디지털 역량,C(occupation_code)[T.13],-0.14766336547619247,0.11233318538995095,0.8627214879017802,0.6922332157866935,1.0751988617616526,0.1886738269399154,0.189,
M5,직무 디지털 역량,C(occupation_code)[T.14],-0.23494956167346387,0.1597415506891436,0.7906107257050319,0.5780833319031964,1.0812719985230577,0.14134235234435352,0.141,
M5,직무 디지털 역량,C(occupation_code)[T.15],-0.13695183876208958,0.14224397569618527,0.8720122223089068,0.6598485710138219,1.1523936691835164,0.3356502333490854,0.336,
M5,직무 디지털 역량,C(occupation_code)[T.16],-0.39524245062177815,0.2389016903851168,0.6735167249031045,0.4216915486293776,1.07572651194604,0.09804329683743883,0.098,
M5,직무 디지털 역량,C(occupation_code)[T.17],-0.4544761953539807,0.14909254621233484,0.634780381793855,0.4739316261628227,0.8502199702788291,0.002301534737379024,0.002,**
M5,직무 디지털 역량,C(occupation_code)[T.18],-1.083865231020651,0.20838965547921373,0.3382854439999015,0.22485456793144115,0.508938033480835,1.9806236746900373e-07,< .001,***
M5,직무 디지털 역량,C(workplace_size)[T.2],-0.44131062732336,0.22893550063486567,0.6431928822556973,0.41064919736301686,1.0074221170793618,0.05389698463010496,0.054,
M5,직무 디지털 역량,C(workplace_size)[T.3],-0.19542995741309654,0.23019413775477138,0.8224809502401321,0.5238226129570533,1.2914198371259948,0.3958930537288732,0.396,
M5,직무 디지털 역량,C(workplace_size)[T.4],-0.0682050607176245,0.23519307290129476,0.9340689130954898,0.5890907614745963,1.4810701363358831,0.7718192640591167,0.772,
M5,직무 디지털 역량,C(workplace_size)[T.5],-0.17045914760946337,0.22351269637076987,0.8432775388282895,0.5441469267890298,1.306847420215245,0.4456796574919366,0.446,
M5,직무 디지털 역량,public_sector,-0.22669005917000584,0.08252381092733707,0.7971678188602245,0.6781181413419509,0.9371177272573796,0.0060149466575214324,0.006,**
M5,직무 디지털 역량,age,-0.003181828817768121,0.002322481037074218,0.9968232278349884,0.9922960209412715,1.0013710894545391,0.17068289673533388,0.171,
M5,직무 디지털 역량,education_age,-0.004060004933555419,0.0064867444790374955,0.9959482257438436,0.9833661062426702,1.008691332826485,0.5313854324781175,0.531,
M5,직무 디지털 역량,digital_skill_job,0.43801582873171113,0.052954778379733614,1.5496294358939735,1.3968593152468596,1.7191075453183315,1.322760798441061e-16,< .001,***
