Outcome,Specification,Parameter,Beta,SE,OR,OR 95% CI lower,OR 95% CI upper,p-value,p-value label,Significance
detailed_explanation,Baseline (common N),Intercept,-0.5303703041499688,0.017280919420771194,0.5883870471666865,0.5687921032102782,0.6086570388716267,7.483483920560048e-207,< .001,***
detailed_explanation,Baseline (common N),C(country_fe)[T.BE],-0.6688761279129466,0.0065990001239071274,0.5122839960615244,0.5057008801242924,0.5189528097247171,0.0,< .001,***
detailed_explanation,Baseline (common N),C(country_fe)[T.BG],-0.5324776810834242,0.001981485186665914,0.5871483994827291,0.5848725488586795,0.5894331058755665,0.0,< .001,***
detailed_explanation,Baseline (common N),C(country_fe)[T.CY],-0.7384790895340462,0.00308393407922217,0.4778401151709413,0.47496056983820883,0.48073711833459665,0.0,< .001,***
detailed_explanation,Baseline (common N),C(country_fe)[T.CZ],-1.350916674687571,0.0021318410222897362,0.25900273054650585,0.2579227889947882,0.2600871938923607,0.0,< .001,***
detailed_explanation,Baseline (common N),C(country_fe)[T.DE],-0.7050443348999431,0.006129076851136785,0.4940866684875396,0.4881868267044551,0.5000578111152217,0.0,< .001,***
detailed_explanation,Baseline (common N),C(country_fe)[T.DK],-1.0902271679139162,0.01430160593247609,0.33614012478184685,0.3268487345898439,0.3456956430629745,0.0,< .001,***
detailed_explanation,Baseline (common N),C(country_fe)[T.EE],-0.7857544292633658,0.003730544331475722,0.45577572150572415,0.45245536490755334,0.4591204446354782,0.0,< .001,***
detailed_explanation,Baseline (common N),C(country_fe)[T.ES],-0.98924849618656,0.0033613157991957817,0.3718560372740741,0.36941428021737915,0.3743139338733996,0.0,< .001,***
detailed_explanation,Baseline (common N),C(country_fe)[T.FI],-0.9150984932576892,0.011643910537047737,0.40047717984618286,0.3914411326143954,0.4097218156568705,0.0,< .001,***
detailed_explanation,Baseline (common N),C(country_fe)[T.FR],-1.1644361381488162,0.0023415763180281986,0.3120985929179827,0.31066952778484197,0.31353423168314115,0.0,< .001,***
detailed_explanation,Baseline (common N),C(country_fe)[T.GR],-1.7049995075463868,0.00629334511028572,0.1817724756898579,0.1795441325823579,0.18402847502278463,0.0,< .001,***
detailed_explanation,Baseline (common N),C(country_fe)[T.HR],-0.9423501566914462,0.0016951251633073963,0.3897108766577496,0.38841825585207607,0.3910077991884891,0.0,< .001,***
detailed_explanation,Baseline (common N),C(country_fe)[T.HU],-0.4423967495781201,0.006864752234881456,0.6424946753898211,0.6339080182332617,0.6511976438707422,0.0,< .001,***
detailed_explanation,Baseline (common N),C(country_fe)[T.IE],-0.6302359727336584,0.0034994127029873276,0.5324661386907128,0.5288265965834503,0.53613072921051,0.0,< .001,***
detailed_explanation,Baseline (common N),C(country_fe)[T.IT],-0.7084527835381931,0.0009766501617344337,0.4924054662285477,0.4914638056577946,0.49334893105145583,0.0,< .001,***
detailed_explanation,Baseline (common N),C(country_fe)[T.LT],-0.813720506590573,0.00016067800058793777,0.44320604394121316,0.44306649009797777,0.4433456417400976,0.0,< .001,***
detailed_explanation,Baseline (common N),C(country_fe)[T.LU],-0.8238618248423736,0.020421640922670507,0.43873406460845665,0.42152023079283896,0.45665086841930885,0.0,< .001,***
detailed_explanation,Baseline (common N),C(country_fe)[T.LV],-1.1671855704438687,1.3631803589739427e-05,0.31124167752261683,0.3112333619270934,0.31124999334031805,0.0,< .001,***
detailed_explanation,Baseline (common N),C(country_fe)[T.MT],-1.1399124269070877,0.010356978435748261,0.3198470305836058,0.31341981296894456,0.3264060494582924,0.0,< .001,***
detailed_explanation,Baseline (common N),C(country_fe)[T.NL],-1.1247035187127097,0.008082220880788074,0.32474873500986756,0.31964496594059466,0.3299339959263085,0.0,< .001,***
detailed_explanation,Baseline (common N),C(country_fe)[T.PL],-0.6592125211606726,0.006051770316935337,0.5172585042784438,0.5111594138107686,0.5234303683340211,0.0,< .001,***
detailed_explanation,Baseline (common N),C(country_fe)[T.PT],-0.7375673879428021,0.005181748834733347,0.4782759614149704,0.4734431537337369,0.48315810137590764,0.0,< .001,***
detailed_explanation,Baseline (common N),C(country_fe)[T.RO],-1.086863515746712,0.006529679209612597,0.3372726869458104,0.33298379567306635,0.34161681991075826,0.0,< .001,***
detailed_explanation,Baseline (common N),C(country_fe)[T.SE],-0.6949767847824088,0.018137466070430035,0.49908603424152836,0.4816557821115793,0.5171470556897273,0.0,< .001,***
detailed_explanation,Baseline (common N),C(country_fe)[T.SI],-0.4346378607687144,0.003683279410720175,0.6474991094548375,0.6428415836656396,0.652190380021953,0.0,< .001,***
detailed_explanation,Baseline (common N),C(country_fe)[T.SK],-0.4696552000803971,0.0027863519066857185,0.6252178061711442,0.6218127046800663,0.6286415542998306,0.0,< .001,***
detailed_explanation,Baseline (common N),public_sector,-0.028028392359125763,0.06788816709722154,0.9723607587934571,0.8512182205980127,1.1107438989935492,0.6797082856040895,0.680,
detailed_explanation,Adjusted (common N),Intercept,-1.296193737253624,0.2285499792685952,0.27357109732288454,0.17479464254482718,0.4281661279821759,1.416519657455072e-08,< .001,***
detailed_explanation,Adjusted (common N),C(country_fe)[T.BE],-0.6267362649668821,0.024150010782328063,0.534332879189633,0.5096304537893858,0.5602326620400043,1.7351679337499105e-148,< .001,***
detailed_explanation,Adjusted (common N),C(country_fe)[T.BG],-0.417686875012011,0.02261683343095408,0.6585684103683698,0.6300128556689513,0.6884182556475029,3.739203036521054e-76,< .001,***
detailed_explanation,Adjusted (common N),C(country_fe)[T.CY],-0.7485977285146814,0.022244626614249648,0.47302940352830347,0.4528490665109287,0.4941090379766579,2.8212221295695818e-248,< .001,***
detailed_explanation,Adjusted (common N),C(country_fe)[T.CZ],-1.368141270927103,0.021760766405956332,0.25457971477197255,0.24395009840006368,0.2656724944914471,0.0,< .001,***
detailed_explanation,Adjusted (common N),C(country_fe)[T.DE],-0.588424574096595,0.01689731482143983,0.5552012745701873,0.5371151891281348,0.573896366224014,1.0705212407331646e-265,< .001,***
detailed_explanation,Adjusted (common N),C(country_fe)[T.DK],-1.2269314789442303,0.049064917937592774,0.2931908611058806,0.2663092767636007,0.32278590547303443,5.222657061593469e-138,< .001,***
detailed_explanation,Adjusted (common N),C(country_fe)[T.EE],-0.8741358460300735,0.02063806778958168,0.41722240834094476,0.4006825882530778,0.4344449774589898,0.0,< .001,***
detailed_explanation,Adjusted (common N),C(country_fe)[T.ES],-1.0292607530251334,0.02589350951370549,0.3572709744584656,0.3395917564593438,0.3758705762511141,0.0,< .001,***
detailed_explanation,Adjusted (common N),C(country_fe)[T.FI],-1.0701165080645259,0.04222060465239715,0.3429685564881569,0.3157301542088652,0.37255684695151386,9.98849055794247e-142,< .001,***
detailed_explanation,Adjusted (common N),C(country_fe)[T.FR],-1.2434623688287751,0.025018709227782966,0.2883839956118445,0.2745839769515504,0.30287757446140656,0.0,< .001,***
detailed_explanation,Adjusted (common N),C(country_fe)[T.GR],-1.6030125207800803,0.028380111973390597,0.20128921575336797,0.19039840797700489,0.21280297881219343,0.0,< .001,***
detailed_explanation,Adjusted (common N),C(country_fe)[T.HR],-0.8081852128515028,0.023790388360329835,0.4456661219272071,0.4253625064709956,0.46693887968985703,5.957713102987504e-253,< .001,***
detailed_explanation,Adjusted (common N),C(country_fe)[T.HU],-0.17216445570846983,0.021756162031691503,0.8418407162723852,0.8066981262855759,0.8785142403109041,2.5052305512996852e-15,< .001,***
detailed_explanation,Adjusted (common N),C(country_fe)[T.IE],-0.6765543403343632,0.026441271167904866,0.50836563298226,0.48269114581218403,0.5354057538441188,2.1256632151655092e-144,< .001,***
detailed_explanation,Adjusted (common N),C(country_fe)[T.IT],-0.4756284382047222,0.019266148035165326,0.6214943629128271,0.5984637077669236,0.6454113058478911,1.4655708882864331e-134,< .001,***
detailed_explanation,Adjusted (common N),C(country_fe)[T.LT],-0.9318896268334211,0.02332089768858409,0.3938088550641823,0.3762137750879425,0.4122268364328495,0.0,< .001,***
detailed_explanation,Adjusted (common N),C(country_fe)[T.LU],-0.9313202507211448,0.04170095951715819,0.3940331442654561,0.36310884924200926,0.42759111793566,1.7545933511870795e-110,< .001,***
detailed_explanation,Adjusted (common N),C(country_fe)[T.LV],-1.2157044251836153,0.02129656068490022,0.2965010778864191,0.2843797127460066,0.3091391025713837,0.0,< .001,***
detailed_explanation,Adjusted (common N),C(country_fe)[T.MT],-1.3254170874784204,0.03307203230617879,0.26569211911955204,0.24901626093395168,0.28348470857877794,0.0,< .001,***
detailed_explanation,Adjusted (common N),C(country_fe)[T.NL],-1.4304190723698622,0.048737269287565624,0.23920865549755957,0.2174160750234737,0.26318560326678786,2.418185077278609e-189,< .001,***
detailed_explanation,Adjusted (common N),C(country_fe)[T.PL],-0.5609321014520477,0.024705238043204434,0.5706768871108638,0.5437022708134873,0.5989897908560784,3.999556268432922e-114,< .001,***
detailed_explanation,Adjusted (common N),C(country_fe)[T.PT],-0.641730171011158,0.020741743464511218,0.5263809067443541,0.505411039496893,0.5482208288541188,3.5648164543070145e-210,< .001,***
detailed_explanation,Adjusted (common N),C(country_fe)[T.RO],-0.8308146988540187,0.02631642591644615,0.43569418213880035,0.41379113145838337,0.4587566187814493,9.4737268436388e-219,< .001,***
detailed_explanation,Adjusted (common N),C(country_fe)[T.SE],-0.9238492471212203,0.05056278471268181,0.39698799139759333,0.35953257854098797,0.43834543716023433,1.4000071635086116e-74,< .001,***
detailed_explanation,Adjusted (common N),C(country_fe)[T.SI],-0.4859214206918888,0.020127130222111787,0.615130141915404,0.5913366056281035,0.6398810557160648,8.928351844719139e-129,< .001,***
detailed_explanation,Adjusted (common N),C(country_fe)[T.SK],-0.3865710755628141,0.019250747217215394,0.6793824361695489,0.65422637597447,0.7055057874855273,1.0855505106136873e-89,< .001,***
detailed_explanation,Adjusted (common N),C(gender)[T.2],0.08865362296459667,0.04754452657666537,1.0927021038538616,0.9954783169422488,1.199421290695901,0.06223130115482411,0.062,
detailed_explanation,Adjusted (common N),C(gender)[T.3],0.9762323867114723,0.5247776828812007,2.6544364883165086,0.9490318003328846,7.4244435940235025,0.06284620221851876,0.063,
detailed_explanation,Adjusted (common N),C(occupation_code)[T.11],0.14670184103436112,0.1593106895688674,1.1580086408933983,0.847434801667323,1.582403755127117,0.357126804053277,0.357,
detailed_explanation,Adjusted (common N),C(occupation_code)[T.12],0.09448667866747393,0.11787861167518975,1.099094521631868,0.8723616936620914,1.3847567772148255,0.4228080209588392,0.423,
detailed_explanation,Adjusted (common N),C(occupation_code)[T.13],-0.14766336547619247,0.11233318538995095,0.8627214879017802,0.6922332157866935,1.0751988617616526,0.1886738269399154,0.189,
detailed_explanation,Adjusted (common N),C(occupation_code)[T.14],-0.23494956167346387,0.1597415506891436,0.7906107257050319,0.5780833319031964,1.0812719985230577,0.14134235234435352,0.141,
detailed_explanation,Adjusted (common N),C(occupation_code)[T.15],-0.13695183876208958,0.14224397569618527,0.8720122223089068,0.6598485710138219,1.1523936691835164,0.3356502333490854,0.336,
detailed_explanation,Adjusted (common N),C(occupation_code)[T.16],-0.39524245062177815,0.2389016903851168,0.6735167249031045,0.4216915486293776,1.07572651194604,0.09804329683743883,0.098,
detailed_explanation,Adjusted (common N),C(occupation_code)[T.17],-0.4544761953539807,0.14909254621233484,0.634780381793855,0.4739316261628227,0.8502199702788291,0.002301534737379024,0.002,**
detailed_explanation,Adjusted (common N),C(occupation_code)[T.18],-1.083865231020651,0.20838965547921373,0.3382854439999015,0.22485456793144115,0.508938033480835,1.9806236746900373e-07,< .001,***
detailed_explanation,Adjusted (common N),C(workplace_size)[T.2],-0.44131062732336,0.22893550063486567,0.6431928822556973,0.41064919736301686,1.0074221170793618,0.05389698463010496,0.054,
detailed_explanation,Adjusted (common N),C(workplace_size)[T.3],-0.19542995741309654,0.23019413775477138,0.8224809502401321,0.5238226129570533,1.2914198371259948,0.3958930537288732,0.396,
detailed_explanation,Adjusted (common N),C(workplace_size)[T.4],-0.0682050607176245,0.23519307290129476,0.9340689130954898,0.5890907614745963,1.4810701363358831,0.7718192640591167,0.772,
detailed_explanation,Adjusted (common N),C(workplace_size)[T.5],-0.17045914760946337,0.22351269637076987,0.8432775388282895,0.5441469267890298,1.306847420215245,0.4456796574919366,0.446,
detailed_explanation,Adjusted (common N),public_sector,-0.22669005917000584,0.08252381092733707,0.7971678188602245,0.6781181413419509,0.9371177272573796,0.0060149466575214324,0.006,**
detailed_explanation,Adjusted (common N),age,-0.003181828817768121,0.002322481037074218,0.9968232278349884,0.9922960209412715,1.0013710894545391,0.17068289673533388,0.171,
detailed_explanation,Adjusted (common N),education_age,-0.004060004933555419,0.0064867444790374955,0.9959482257438436,0.9833661062426702,1.008691332826485,0.5313854324781175,0.531,
detailed_explanation,Adjusted (common N),digital_skill_job,0.43801582873171113,0.052954778379733614,1.5496294358939735,1.3968593152468596,1.7191075453183315,1.322760798441061e-16,< .001,***
personal_data_access,Baseline (common N),Intercept,-1.3408032033242188,0.025207437267676224,0.2616354377092595,0.24902328508017413,0.2748863514641896,0.0,< .001,***
personal_data_access,Baseline (common N),C(country_fe)[T.BE],-0.9327560403573656,0.009999945196801224,0.3934678015143445,0.38583109894015005,0.4012556563060946,0.0,< .001,***
personal_data_access,Baseline (common N),C(country_fe)[T.BG],-0.7272505013936372,0.002512585066872647,0.48323582141140825,0.4808619397455005,0.48562142227090965,0.0,< .001,***
personal_data_access,Baseline (common N),C(country_fe)[T.CY],-0.9375983814372534,0.004946551914471777,0.39156710184750515,0.38778917709368915,0.39538183194888765,0.0,< .001,***
personal_data_access,Baseline (common N),C(country_fe)[T.CZ],-0.8017681995823892,0.0025949010330419426,0.4485351628368806,0.4462597434118118,0.4508221843247311,0.0,< .001,***
personal_data_access,Baseline (common N),C(country_fe)[T.DE],-0.05745679781542798,0.00874065534845955,0.9441626793956699,0.9281256399344138,0.9604768221106409,4.914229997163628e-11,< .001,***
personal_data_access,Baseline (common N),C(country_fe)[T.DK],-1.6648815193396584,0.021222694212126112,0.18921307474402035,0.18150406376277511,0.1972495100764175,0.0,< .001,***
personal_data_access,Baseline (common N),C(country_fe)[T.EE],-0.5487836783152644,0.0050750102580254365,0.5776519938998074,0.5719346652928181,0.5834264756195278,0.0,< .001,***
personal_data_access,Baseline (common N),C(country_fe)[T.ES],-1.0462313944871626,0.0043941897969368955,0.3512590145419388,0.34824680241515965,0.3542972812421808,0.0,< .001,***
personal_data_access,Baseline (common N),C(country_fe)[T.FI],-0.43560271568433095,0.01708556999289135,0.6468746680523444,0.6255713933582113,0.6689034067263078,2.219362631324835e-143,< .001,***
personal_data_access,Baseline (common N),C(country_fe)[T.FR],-0.8476867924146804,0.003920076578109981,0.4284047758271913,0.4251258648455751,0.43170897639505573,0.0,< .001,***
personal_data_access,Baseline (common N),C(country_fe)[T.GR],-2.1158605744978853,0.008552598065789455,0.12052952027757313,0.11852594956836729,0.12256695948225535,0.0,< .001,***
personal_data_access,Baseline (common N),C(country_fe)[T.HR],-0.28653278998565535,0.0027641443382176306,0.7508624573582225,0.7468055666514705,0.7549413864146356,0.0,< .001,***
personal_data_access,Baseline (common N),C(country_fe)[T.HU],-0.42920296544904285,0.009754258570393746,0.6510277796249583,0.638699653487261,0.6635938621999843,0.0,< .001,***
personal_data_access,Baseline (common N),C(country_fe)[T.IE],-1.4208207985781647,0.005627429931839816,0.2415156997759844,0.23886652435217048,0.24419425617080368,0.0,< .001,***
personal_data_access,Baseline (common N),C(country_fe)[T.IT],-0.4717188473908249,0.0010881118257110988,0.623928907500558,0.622599697163859,0.6252609556158927,0.0,< .001,***
personal_data_access,Baseline (common N),C(country_fe)[T.LT],-0.6316350671192242,0.00016623016418109053,0.5317216892045511,0.5315484797656442,0.5318949550851765,0.0,< .001,***
personal_data_access,Baseline (common N),C(country_fe)[T.LU],-0.7885965613450375,0.02955601333231141,0.454482185776018,0.4289026610995833,0.4815872595851974,7.73281749632268e-157,< .001,***
personal_data_access,Baseline (common N),C(country_fe)[T.LV],-1.5747767423096148,0.0006679529132122277,0.20705377386868232,0.20678288395196875,0.20732501865687059,0.0,< .001,***
personal_data_access,Baseline (common N),C(country_fe)[T.MT],-0.8361610640765357,0.015442776629790687,0.4333710176922638,0.42045057291018856,0.44668850770182245,0.0,< .001,***
personal_data_access,Baseline (common N),C(country_fe)[T.NL],-0.2497954966427195,0.011966720177185796,0.7789600667326623,0.7609026620868002,0.7974460017001953,9.1928638924643e-97,< .001,***
personal_data_access,Baseline (common N),C(country_fe)[T.PL],-0.3671841682298362,0.008545136339549656,0.692682063267066,0.6811775224706283,0.7043809065097397,0.0,< .001,***
personal_data_access,Baseline (common N),C(country_fe)[T.PT],-1.11650280812316,0.007099663803615667,0.3274228552565508,0.32289829113290186,0.3320108191598554,0.0,< .001,***
personal_data_access,Baseline (common N),C(country_fe)[T.RO],0.28690224922671814,0.009397827088221138,1.3322939743440607,1.3079785405601856,1.3570614341373572,1.0886661632131294e-204,< .001,***
personal_data_access,Baseline (common N),C(country_fe)[T.SE],-1.3118271131986985,0.026473165145514607,0.26932751470012195,0.25570941843402417,0.28367085819038695,0.0,< .001,***
personal_data_access,Baseline (common N),C(country_fe)[T.SI],-0.9911063851445363,0.005761402344072205,0.3711658114284949,0.36699813002533505,0.3753808215967279,0.0,< .001,***
personal_data_access,Baseline (common N),C(country_fe)[T.SK],-0.450305708756418,0.00431088885000834,0.637433252905124,0.6320701490618434,0.6428418625880276,0.0,< .001,***
personal_data_access,Baseline (common N),public_sector,0.07065414459219096,0.09557038750261457,1.073209986196993,0.8898873717125676,1.2942982573810176,0.45973147409871795,0.460,
personal_data_access,Adjusted (common N),Intercept,-0.9770489175462836,0.5158947451269278,0.3764203087298112,0.13694388469790464,1.0346737945751758,0.05823934995977299,0.058,
personal_data_access,Adjusted (common N),C(country_fe)[T.BE],-1.0125739997538066,0.03834602742329429,0.36328268553503357,0.3369802915276738,0.39163806586803906,1.1620913327835867e-153,< .001,***
personal_data_access,Adjusted (common N),C(country_fe)[T.BG],-0.770768231845756,0.048339882601924594,0.4626575035227343,0.42083575133848505,0.5086354115235885,3.097865534775608e-57,< .001,***
personal_data_access,Adjusted (common N),C(country_fe)[T.CY],-1.03225983683215,0.043779014594548214,0.3562010939967544,0.3269117151734851,0.3881146299610358,6.349658722658268e-123,< .001,***
personal_data_access,Adjusted (common N),C(country_fe)[T.CZ],-0.8662597464359632,0.037194524878717126,0.42052146839050814,0.3909562274105508,0.45232251842763904,5.6011588902033704e-120,< .001,***
personal_data_access,Adjusted (common N),C(country_fe)[T.DE],-0.07467216665191839,0.029131615870398902,0.9280476814417636,0.8765433791035411,0.9825782951099058,0.01036916882980487,0.010,*
personal_data_access,Adjusted (common N),C(country_fe)[T.DK],-1.7363055603324529,0.09350593157309735,0.17617004945279957,0.14666945661313327,0.21160429063335595,5.732884698029634e-77,< .001,***
personal_data_access,Adjusted (common N),C(country_fe)[T.EE],-0.6077752106189384,0.039279028152083346,0.5445610560245746,0.5042108772660592,0.5881403141212278,5.256330945917045e-54,< .001,***
personal_data_access,Adjusted (common N),C(country_fe)[T.ES],-1.0719657765202566,0.0355572456111539,0.34233490163488256,0.3192896171566762,0.36704351967655036,1.1530515799241697e-199,< .001,***
personal_data_access,Adjusted (common N),C(country_fe)[T.FI],-0.5283628549692793,0.07823638297430745,0.5895693906125847,0.5057547819165098,0.6872739097594437,1.4440394139442802e-11,< .001,***
personal_data_access,Adjusted (common N),C(country_fe)[T.FR],-0.9156610359887696,0.024803807677118695,0.4002519576741841,0.3812592817758164,0.4201907659161377,2.5451562744609896e-298,< .001,***
personal_data_access,Adjusted (common N),C(country_fe)[T.GR],-2.191793818484539,0.05677383580130752,0.11171617023931549,0.09995167178931896,0.12486537212950762,0.0,< .001,***
personal_data_access,Adjusted (common N),C(country_fe)[T.HR],-0.35780411276441987,0.03891634898493141,0.6992100279118822,0.6478612310452612,0.754628676180779,3.77847890985264e-20,< .001,***
personal_data_access,Adjusted (common N),C(country_fe)[T.HU],-0.45817939224500315,0.04875350078083144,0.6324340122731147,0.5747992107320793,0.6958478237477996,5.567518341184164e-21,< .001,***
personal_data_access,Adjusted (common N),C(country_fe)[T.IE],-1.4765302534191669,0.03563105192443712,0.22842890534212154,0.21302072193554178,0.24495159119585122,0.0,< .001,***
personal_data_access,Adjusted (common N),C(country_fe)[T.IT],-0.5156188007501722,0.030100269000258112,0.5971309751742484,0.5629219775066026,0.6334188675523273,8.8594353987303e-66,< .001,***
personal_data_access,Adjusted (common N),C(country_fe)[T.LT],-0.6912531327140399,0.04005886283230578,0.5009479213437599,0.4631209346161897,0.5418645566230061,1.0097390252182212e-66,< .001,***
personal_data_access,Adjusted (common N),C(country_fe)[T.LU],-0.8624938924073774,0.05232453675578717,0.42210807644846626,0.3809648749047322,0.46769463522740906,4.817476372492517e-61,< .001,***
personal_data_access,Adjusted (common N),C(country_fe)[T.LV],-1.631748796868803,0.03572034712930349,0.19558723253137383,0.18236239492761167,0.20977112931899514,0.0,< .001,***
personal_data_access,Adjusted (common N),C(country_fe)[T.MT],-0.9771762658845154,0.04570692256282295,0.37637237528120504,0.3441216026659552,0.41164566181660006,2.0879068795763404e-101,< .001,***
personal_data_access,Adjusted (common N),C(country_fe)[T.NL],-0.24959607639143608,0.07758886218128042,0.7791154226349515,0.6692032509823537,0.907079935574978,0.0012958104614343758,0.001,**
personal_data_access,Adjusted (common N),C(country_fe)[T.PL],-0.43840804594068855,0.054344277086487806,0.6450625140077235,0.5798876669940473,0.7175625050536486,7.190814889712182e-16,< .001,***
personal_data_access,Adjusted (common N),C(country_fe)[T.PT],-1.154543558305106,0.04234321314240255,0.31520137512393,0.29009850796176656,0.34247644904506186,1.0645043461950281e-163,< .001,***
personal_data_access,Adjusted (common N),C(country_fe)[T.RO],0.23943784785671537,0.06742380555080375,1.2705347157161895,1.1132566261469896,1.4500326572741895,0.0003834263891340281,< .001,***
personal_data_access,Adjusted (common N),C(country_fe)[T.SE],-1.405552974039618,0.0894858800428885,0.24523141234782123,0.20578114537177056,0.292244683027005,1.354797545435885e-55,< .001,***
personal_data_access,Adjusted (common N),C(country_fe)[T.SI],-1.0553135961311644,0.029510853740698294,0.3480832526273668,0.32852123310022335,0.36881010586820684,4.595121351526247e-280,< .001,***
personal_data_access,Adjusted (common N),C(country_fe)[T.SK],-0.47631885141325137,0.029536094554944197,0.6210654230855455,0.5861330115555871,0.6580797398336723,1.6571799618287945e-58,< .001,***
personal_data_access,Adjusted (common N),C(gender)[T.2],0.09329694622635101,0.07831193121274115,1.0977876707791996,0.9415840913557636,1.2799045578388777,0.23351607766781401,0.234,
personal_data_access,Adjusted (common N),C(gender)[T.3],0.24203508221162773,0.7841397358552711,1.273838881117515,0.2739387989850248,5.923459915349294,0.7575777378693558,0.758,
personal_data_access,Adjusted (common N),C(occupation_code)[T.11],0.1364324470663303,0.2391517130155173,1.1461774475113906,0.7172747648002996,1.8315474148173705,0.5683488438326685,0.568,
personal_data_access,Adjusted (common N),C(occupation_code)[T.12],-0.19576830797766692,0.1805567137901521,0.8222027104202245,0.57715006738108,1.1713024657346245,0.2782547263573495,0.278,
personal_data_access,Adjusted (common N),C(occupation_code)[T.13],-0.12227851952364856,0.18898929429505917,0.8849018717293489,0.6109801978139121,1.2816312629965154,0.5176235666771037,0.518,
personal_data_access,Adjusted (common N),C(occupation_code)[T.14],0.04087432261169893,0.1892155575134506,1.0417211765214398,0.7189371375812363,1.5094268370446957,0.8289722489941105,0.829,
personal_data_access,Adjusted (common N),C(occupation_code)[T.15],-0.23056766728737588,0.17458864002138735,0.7940826997619485,0.5639694961206838,1.118087659702591,0.18662348147202013,0.187,
personal_data_access,Adjusted (common N),C(occupation_code)[T.16],0.10901933796105326,0.25922685708608123,1.1151839155160594,0.6709531499042768,1.8535350278974854,0.6740795323176842,0.674,
personal_data_access,Adjusted (common N),C(occupation_code)[T.17],-0.21350331417266594,0.17890754792488003,0.8077494831248688,0.5688402359604766,1.1469990803073677,0.23272359353093663,0.233,
personal_data_access,Adjusted (common N),C(occupation_code)[T.18],-0.3673471270101542,0.3402442489079436,0.6925691938396699,0.3555058405298317,1.3492101495178699,0.2802948938226262,0.280,
personal_data_access,Adjusted (common N),C(workplace_size)[T.2],-0.06379067103966009,0.24131310959041558,0.9382013716945483,0.5846419474146767,1.5055741685007857,0.7915116707917119,0.792,
personal_data_access,Adjusted (common N),C(workplace_size)[T.3],-0.23640580965764948,0.24608752903102976,0.7894602383302245,0.4873715533334485,1.2787932813099643,0.33672444949873004,0.337,
personal_data_access,Adjusted (common N),C(workplace_size)[T.4],0.027949776445490924,0.22768345055337327,1.0283440360317053,0.6581637051922666,1.60673013127191,0.9022993896597763,0.902,
personal_data_access,Adjusted (common N),C(workplace_size)[T.5],-0.23732832495458467,0.24063670145264754,0.7887322850097057,0.4921520363962148,1.2640374750289587,0.32400967798989666,0.324,
personal_data_access,Adjusted (common N),public_sector,0.04264892604796657,0.09523666899933043,1.0435714597748587,0.865877777247503,1.2577310796894805,0.6542827979117078,0.654,
personal_data_access,Adjusted (common N),age,-0.007610049791115227,0.002628354415611918,0.9924188333240411,0.9873195532558618,0.9975444500095072,0.0037871586563409596,0.004,**
personal_data_access,Adjusted (common N),education_age,0.020031499713225508,0.012779989701788567,1.0202334765825425,0.9949957433975839,1.0461113564018374,0.11701859458623669,0.117,
personal_data_access,Adjusted (common N),digital_skill_job,-0.05870624748681369,0.04985171354474537,0.9429837323170579,0.8552052241498385,1.039771851602734,0.23894915232790648,0.239,
automated_analysis_access,Baseline (common N),Intercept,-2.3319735278880627,0.023682031203732003,0.09710392056901633,0.09269975437148503,0.10171732874379975,0.0,< .001,***
automated_analysis_access,Baseline (common N),C(country_fe)[T.BE],-0.9305259198509495,0.009227648962081711,0.39434626129862527,0.38727827810741094,0.40154323800487846,0.0,< .001,***
automated_analysis_access,Baseline (common N),C(country_fe)[T.BG],-0.43017893179678424,0.0027309690555418426,0.650392708375093,0.6469207161033278,0.6538833346618698,0.0,< .001,***
automated_analysis_access,Baseline (common N),C(country_fe)[T.CY],-0.7532858822885695,0.004325175208983978,0.47081695913698884,0.46684262482133887,0.47482512783796,0.0,< .001,***
automated_analysis_access,Baseline (common N),C(country_fe)[T.CZ],-0.3788139770902956,0.002818335225459673,0.6846729656778935,0.680901371241827,0.6884654514283131,0.0,< .001,***
automated_analysis_access,Baseline (common N),C(country_fe)[T.DE],0.30057625423881773,0.008323240590975283,1.350636893601828,1.328782357810794,1.3728508718040544,1.4236294990766102e-285,< .001,***
automated_analysis_access,Baseline (common N),C(country_fe)[T.DK],-0.10646601589472962,0.02043412977782365,0.8990055995430314,0.8637117622759474,0.9357416482091507,1.8863155329217447e-07,< .001,***
automated_analysis_access,Baseline (common N),C(country_fe)[T.EE],-0.7218587828212122,0.0051543753101833895,0.48584832959007196,0.48096480944395237,0.4907814350042804,0.0,< .001,***
automated_analysis_access,Baseline (common N),C(country_fe)[T.ES],-1.0599203093164562,0.0046480386332639805,0.3464834207305316,0.34334129491026455,0.349654302062637,0.0,< .001,***
automated_analysis_access,Baseline (common N),C(country_fe)[T.FI],-1.0749007821753411,0.016409555190597953,0.3413316198017889,0.3305283251758139,0.35248801933855645,0.0,< .001,***
automated_analysis_access,Baseline (common N),C(country_fe)[T.FR],-1.2204761283372831,0.003303305056606933,0.2950896329342832,0.2931852880890482,0.2970063471903887,0.0,< .001,***
automated_analysis_access,Baseline (common N),C(country_fe)[T.GR],-2.2184611819725126,0.008686581030053916,0.10877636713661468,0.10694008357592523,0.11064418178651321,0.0,< .001,***
automated_analysis_access,Baseline (common N),C(country_fe)[T.HR],-0.37615389979713465,0.0024768150243549437,0.6864966732132554,0.6831721727830659,0.6898373515610338,0.0,< .001,***
automated_analysis_access,Baseline (common N),C(country_fe)[T.HU],-0.2830707110661052,0.00947595898650497,0.753466507555962,0.7396018712425338,0.7675910514596465,4.47857320454012e-196,< .001,***
automated_analysis_access,Baseline (common N),C(country_fe)[T.IE],-1.26461711888958,0.004828393841005643,0.2823473809261247,0.27968799605190664,0.2850320522910362,0.0,< .001,***
automated_analysis_access,Baseline (common N),C(country_fe)[T.IT],-0.11425769172583787,0.0012443687020864361,0.892028058012526,0.889855125747176,0.8942062963490479,0.0,< .001,***
automated_analysis_access,Baseline (common N),C(country_fe)[T.LT],-0.11595354447960142,8.7790536065278e-05,0.8905165917482619,0.8903633770450621,0.8906698328168153,0.0,< .001,***
automated_analysis_access,Baseline (common N),C(country_fe)[T.LU],-0.807258924798346,0.029032724850248066,0.44607912838358793,0.4214045333335571,0.47219850058413193,3.7595943806626325e-170,< .001,***
automated_analysis_access,Baseline (common N),C(country_fe)[T.LV],-1.3255801030987242,4.3219973976148696e-05,0.2656488106840156,0.26562630863462255,0.26567131463962873,0.0,< .001,***
automated_analysis_access,Baseline (common N),C(country_fe)[T.MT],-1.2505559657191723,0.014601326459167122,0.28634555428556546,0.27826704308980305,0.2946585968236507,0.0,< .001,***
automated_analysis_access,Baseline (common N),C(country_fe)[T.NL],-0.26725856832332445,0.011532912270873379,0.765475118256388,0.7483663403975659,0.7829750284577832,8.416220283795628e-119,< .001,***
automated_analysis_access,Baseline (common N),C(country_fe)[T.PL],-0.40538143776895535,0.008342372181594318,0.6667224492264463,0.6559096771491099,0.6777134715172948,0.0,< .001,***
automated_analysis_access,Baseline (common N),C(country_fe)[T.PT],-0.4216398471452466,0.007132616868352499,0.6559702464124512,0.6468637982956522,0.6652048936919215,0.0,< .001,***
automated_analysis_access,Baseline (common N),C(country_fe)[T.RO],0.41133399958595396,0.008812538076097914,1.5088292207431628,1.4829921092577147,1.5351164737538046,0.0,< .001,***
automated_analysis_access,Baseline (common N),C(country_fe)[T.SE],-0.5437081471766959,0.0257516505343844,0.5805913376373981,0.5520147816199567,0.6106472372902065,5.974466108813403e-99,< .001,***
automated_analysis_access,Baseline (common N),C(country_fe)[T.SI],-1.0787624818542545,0.005061701947928674,0.34001604141441977,0.33665950329844085,0.3434060446428154,0.0,< .001,***
automated_analysis_access,Baseline (common N),C(country_fe)[T.SK],-0.4001205044568356,0.003911611224980472,0.6702392743493576,0.6651204535444781,0.6753974900131574,0.0,< .001,***
automated_analysis_access,Baseline (common N),public_sector,-0.08741712216645917,0.09769993360163659,0.9162948090327286,0.7566114198022449,1.109679493444296,0.37092016066129974,0.371,
automated_analysis_access,Adjusted (common N),Intercept,-2.643559541479147,0.7372735057297111,0.07110770770708166,0.016762868291414216,0.30163728590205247,0.0003363186817422458,< .001,***
automated_analysis_access,Adjusted (common N),C(country_fe)[T.BE],-0.8808659480269537,0.037212661118988646,0.41442388670851515,0.38527364783030266,0.44577966554888754,7.152030348450946e-124,< .001,***
automated_analysis_access,Adjusted (common N),C(country_fe)[T.BG],-0.4068229298535646,0.04733129281057417,0.6657620664516374,0.6067790490162913,0.7304786311335776,8.310458081070261e-18,< .001,***
automated_analysis_access,Adjusted (common N),C(country_fe)[T.CY],-0.7624568374434482,0.05340970964335002,0.466518856894834,0.420152329250309,0.5180022308261488,3.105040120075863e-46,< .001,***
automated_analysis_access,Adjusted (common N),C(country_fe)[T.CZ],-0.3015390177178182,0.03724953198595425,0.7396789652064546,0.6876008571779463,0.7957014099930061,5.721314752211017e-16,< .001,***
automated_analysis_access,Adjusted (common N),C(country_fe)[T.DE],0.3044468110365376,0.03417400592236543,1.355874740564588,1.2680331386064962,1.4498014729499833,5.162291624357075e-19,< .001,***
automated_analysis_access,Adjusted (common N),C(country_fe)[T.DK],-0.06953132103171067,0.08837173021611197,0.9328309157003031,0.7844780165016504,1.1092388811183918,0.4313960139141898,0.431,
automated_analysis_access,Adjusted (common N),C(country_fe)[T.EE],-0.7409215057882909,0.04628286544420218,0.47667445480010484,0.43533725250618827,0.5219368077298814,1.1137753791670753e-57,< .001,***
automated_analysis_access,Adjusted (common N),C(country_fe)[T.ES],-0.9957084924474456,0.05701867363893673,0.36946159104752163,0.3303961006783254,0.41314612060832007,2.7486709952108925e-68,< .001,***
automated_analysis_access,Adjusted (common N),C(country_fe)[T.FI],-1.0886021735336324,0.06932651975153412,0.3366867946430364,0.2939105953262803,0.385688707687314,1.4531483465157077e-55,< .001,***
automated_analysis_access,Adjusted (common N),C(country_fe)[T.FR],-1.269470645255671,0.03137628875858119,0.2809803206834889,0.2642216245196293,0.2988019650357232,0.0,< .001,***
automated_analysis_access,Adjusted (common N),C(country_fe)[T.GR],-2.217706730998243,0.05602970837434088,0.10885846453811655,0.09753705309034605,0.1214939853741519,0.0,< .001,***
automated_analysis_access,Adjusted (common N),C(country_fe)[T.HR],-0.3836621477357104,0.03921262753044975,0.6813615878524615,0.6309570499268065,0.7357927349487305,1.3169989344438643e-22,< .001,***
automated_analysis_access,Adjusted (common N),C(country_fe)[T.HU],-0.25926775734750784,0.04745886252026751,0.7716163894233774,0.7030794213674859,0.8468344177514612,4.6815507844127636e-08,< .001,***
automated_analysis_access,Adjusted (common N),C(country_fe)[T.IE],-1.2616169770586088,0.04051735978087408,0.28319573506955725,0.26157622593616964,0.3066021159780683,7.444870212329245e-213,< .001,***
automated_analysis_access,Adjusted (common N),C(country_fe)[T.IT],-0.1024740018810685,0.032418733676316334,0.9026016153920378,0.847034754833151,0.9618137525759419,0.0015725539555986121,0.002,**
automated_analysis_access,Adjusted (common N),C(country_fe)[T.LT],-0.1114785908072461,0.04368883977912667,0.8945105419468813,0.8211026529510586,0.974481213497913,0.010721442400248821,0.011,*
automated_analysis_access,Adjusted (common N),C(country_fe)[T.LU],-0.824340495044358,0.053497058794290925,0.43852410593962116,0.3948723212955079,0.4870014460857369,1.4222068095534638e-53,< .001,***
automated_analysis_access,Adjusted (common N),C(country_fe)[T.LV],-1.3262728586399926,0.04799519716338511,0.265464844727458,0.24163143333737863,0.29164907401669565,4.412341198601505e-168,< .001,***
automated_analysis_access,Adjusted (common N),C(country_fe)[T.MT],-1.2441959229914088,0.04810971369478664,0.2881725279024184,0.2622415563588677,0.3166676059687059,1.800111040837287e-147,< .001,***
automated_analysis_access,Adjusted (common N),C(country_fe)[T.NL],-0.261035156253482,0.08439327531633281,0.7702538398998302,0.652827117171077,0.9088025945542304,0.001980906938906057,0.002,**
automated_analysis_access,Adjusted (common N),C(country_fe)[T.PL],-0.40911206029596514,0.05701589962791054,0.6642397932436394,0.5940087850319259,0.7427743731174599,7.209447040550921e-13,< .001,***
automated_analysis_access,Adjusted (common N),C(country_fe)[T.PT],-0.4304651142663521,0.04771088353731261,0.6502066040147941,0.5921609964132053,0.7139420368197412,1.840679368796556e-19,< .001,***
automated_analysis_access,Adjusted (common N),C(country_fe)[T.RO],0.4135085291383595,0.0616101678373745,1.5121137843692614,1.3401141797422564,1.7061890184008712,1.923791854752789e-11,< .001,***
automated_analysis_access,Adjusted (common N),C(country_fe)[T.SE],-0.5026868180567446,0.09326145438198145,0.6049032094945102,0.5038503851755715,0.7262233068041719,7.042582944261447e-08,< .001,***
automated_analysis_access,Adjusted (common N),C(country_fe)[T.SI],-1.0732737396816479,0.03343635485546093,0.3418874328947925,0.32020054032094386,0.3650431590597345,4.552006573196816e-226,< .001,***
automated_analysis_access,Adjusted (common N),C(country_fe)[T.SK],-0.35162850098921533,0.030330002562284502,0.7035414383823474,0.6629377307381866,0.7466320478847216,4.4499472587698784e-31,< .001,***
automated_analysis_access,Adjusted (common N),C(gender)[T.2],0.15083123458109018,0.12255406733948085,1.1628004010247963,0.9145068474248867,1.4785069968920956,0.2184230478869239,0.218,
automated_analysis_access,Adjusted (common N),C(gender)[T.3],-45.23306102861865,0.4169725881595431,2.2674159413765697e-20,1.00139054183709e-20,5.134035959413907e-20,0.0,< .001,***
automated_analysis_access,Adjusted (common N),C(occupation_code)[T.11],0.173431115663213,0.26026630007859675,1.1893787543810277,0.7141362854473804,1.9808849517942584,0.5051808662328452,0.505,
automated_analysis_access,Adjusted (common N),C(occupation_code)[T.12],0.08645273816466077,0.23627703742057835,1.0902998369287058,0.6861618504020567,1.7324684164679398,0.71444294881353,0.714,
automated_analysis_access,Adjusted (common N),C(occupation_code)[T.13],-0.27823367425074946,0.19010445839497872,0.7571198814209502,0.5216118416876319,1.0989599334789524,0.14330789046872772,0.143,
automated_analysis_access,Adjusted (common N),C(occupation_code)[T.14],-0.15930518252069034,0.1829176036708605,0.8527360791086137,0.59581974564503,1.220434243625671,0.38380206537453354,0.384,
automated_analysis_access,Adjusted (common N),C(occupation_code)[T.15],-0.45169191280218257,0.25531128659198554,0.6365502525018027,0.3859324829827668,1.0499147955322594,0.07686365070418422,0.077,
automated_analysis_access,Adjusted (common N),C(occupation_code)[T.16],-0.07585374225080907,0.2507981080756348,0.9269517705250658,0.5669926141839432,1.5154334701806198,0.7623094861184686,0.762,
automated_analysis_access,Adjusted (common N),C(occupation_code)[T.17],-0.1534972240918068,0.19554610860182603,0.8577031451007111,0.5846390946997807,1.258305665469428,0.43247297151751707,0.432,
automated_analysis_access,Adjusted (common N),C(occupation_code)[T.18],-0.8048911293430214,0.2167046604277229,0.44713660396537064,0.2924023661229972,0.6837535046538747,0.00020382269177496884,< .001,***
automated_analysis_access,Adjusted (common N),C(workplace_size)[T.2],0.8291903910580993,0.4826651090032469,2.2914628002996076,0.8897490349861003,5.901441371317642,0.08580729766217972,0.086,
automated_analysis_access,Adjusted (common N),C(workplace_size)[T.3],0.6863572115495209,0.4919750979936103,1.986466061487685,0.757375386192022,5.210160622307217,0.16298399940017105,0.163,
automated_analysis_access,Adjusted (common N),C(workplace_size)[T.4],0.5912916167803347,0.5125379526450645,1.8063199825281882,0.6614874212428049,4.932507821767025,0.24864192389735462,0.249,
automated_analysis_access,Adjusted (common N),C(workplace_size)[T.5],0.7969903397013272,0.5281421994306565,2.2188528757487167,0.7880849818919817,6.247179171462957,0.13128728609079246,0.131,
automated_analysis_access,Adjusted (common N),public_sector,-0.1438481783572791,0.09953637653844992,0.8660192185393069,0.7125281267171414,1.0525749914391263,0.1484067748183241,0.148,
automated_analysis_access,Adjusted (common N),age,-0.007917222243573286,0.005212007039853764,0.9921140364121476,0.9820308375416189,1.002300766552343,0.12875363174998308,0.129,
automated_analysis_access,Adjusted (common N),education_age,0.005689910812941228,0.008918234646709673,1.0057061291010845,0.9882797160421829,1.023439823456131,0.5234680518459122,0.523,
automated_analysis_access,Adjusted (common N),digital_skill_job,-0.02565212260434191,0.09176241201923038,0.9746740977254322,0.8142375335446138,1.166722924993771,0.7798232712935046,0.780,
not_informed,Baseline (common N),Intercept,-0.8254906833293455,0.01361893530365141,0.4380200106081309,0.4264827723146779,0.44986935498436303,0.0,< .001,***
not_informed,Baseline (common N),C(country_fe)[T.BE],0.8399361833228627,0.005605523210128508,2.3162191586542837,2.290911010685987,2.341806890748982,0.0,< .001,***
not_informed,Baseline (common N),C(country_fe)[T.BG],0.6491006372932427,0.0013443465950320713,1.9138188374925578,1.9087828094679886,1.9188681522976545,0.0,< .001,***
not_informed,Baseline (common N),C(country_fe)[T.CY],0.7195231863206191,0.0027565554603478774,2.0534538622875793,2.042389481568668,2.0645781828572383,0.0,< .001,***
not_informed,Baseline (common N),C(country_fe)[T.CZ],1.0067430956651158,0.0013021704720343951,2.7366734012528116,2.729697749061862,2.7436668794919035,0.0,< .001,***
not_informed,Baseline (common N),C(country_fe)[T.DE],0.3396145991707702,0.0047185842731791335,1.4044062269248647,1.3914777945554924,1.417454779330779,0.0,< .001,***
not_informed,Baseline (common N),C(country_fe)[T.DK],0.8467686920728248,0.011816316959884221,2.332098933897788,2.2787091865647975,2.386739593430145,0.0,< .001,***
not_informed,Baseline (common N),C(country_fe)[T.EE],0.3336013712924434,0.0027994803631944927,1.3959865523301298,1.3883479159835257,1.403667216157428,0.0,< .001,***
not_informed,Baseline (common N),C(country_fe)[T.ES],0.8641166292142053,0.0023566104916115617,2.3729090013726832,2.361974112031102,2.383894514387192,0.0,< .001,***
not_informed,Baseline (common N),C(country_fe)[T.FI],0.03354292393392358,0.009380899452609195,1.0341118309215354,1.0152721441434622,1.0533011124362937,0.00034934301795760617,< .001,***
not_informed,Baseline (common N),C(country_fe)[T.FR],0.8725525187307794,0.0022508984328444524,2.3930112705888127,2.382477324243236,2.4035917919949297,0.0,< .001,***
not_informed,Baseline (common N),C(country_fe)[T.GR],1.770685388903379,0.0045044630209105825,5.874878558384965,5.823239975186942,5.926975055611272,0.0,< .001,***
not_informed,Baseline (common N),C(country_fe)[T.HR],0.9110470334077041,0.0017239983459692617,2.4869250643034326,2.478535988729921,2.4953425342957853,0.0,< .001,***
not_informed,Baseline (common N),C(country_fe)[T.HU],0.67897347160012,0.005258277182861219,1.9718525303218994,1.9516349119800556,1.9922795895222294,0.0,< .001,***
not_informed,Baseline (common N),C(country_fe)[T.IE],0.5639583322732676,0.003026168234669269,1.7576159769817803,1.747222093402803,1.7680716917476802,0.0,< .001,***
not_informed,Baseline (common N),C(country_fe)[T.IT],0.9065319220258837,0.0004485906656730946,2.4757216320450874,2.473545880861878,2.4778992970368288,0.0,< .001,***
not_informed,Baseline (common N),C(country_fe)[T.LT],0.39308170682217747,6.880765978699597e-05,1.4815394362632845,1.4813396485342656,1.4817392509376004,0.0,< .001,***
not_informed,Baseline (common N),C(country_fe)[T.LU],0.13113420361244396,0.0164011969295494,1.1401207793725288,1.1040535458198795,1.177366257713274,1.2914915823744385e-15,< .001,***
not_informed,Baseline (common N),C(country_fe)[T.LV],0.4476232414504571,0.0002532645187789302,1.5645891122706361,1.563812659648415,1.565365950411334,0.0,< .001,***
not_informed,Baseline (common N),C(country_fe)[T.MT],0.299691385573606,0.008467899678081906,1.3494422859499873,1.3272307214332306,1.3720255669967452,2.3101566670329195e-274,< .001,***
not_informed,Baseline (common N),C(country_fe)[T.NL],0.5985514118773356,0.006755606002404962,1.8194812115893129,1.795548717486391,1.843732696911135,0.0,< .001,***
not_informed,Baseline (common N),C(country_fe)[T.PL],0.6445203792580966,0.004596790886002318,1.9050730975467107,1.887986344058088,1.922314490472054,0.0,< .001,***
not_informed,Baseline (common N),C(country_fe)[T.PT],0.8636502649634563,0.0038426428051583136,2.3718026194527027,2.354006625629063,2.3897331487499147,0.0,< .001,***
not_informed,Baseline (common N),C(country_fe)[T.RO],0.21697435882895638,0.005037759584612219,1.2423122473885444,1.2301062299651584,1.2546393818810995,0.0,< .001,***
not_informed,Baseline (common N),C(country_fe)[T.SE],0.6273944494236009,0.014744339806327915,1.8727247378548595,1.8193805289246041,1.9276329981647766,0.0,< .001,***
not_informed,Baseline (common N),C(country_fe)[T.SI],0.3274932543613897,0.003073803533550207,1.3874856917893506,1.3791518518827262,1.3958698908261133,0.0,< .001,***
not_informed,Baseline (common N),C(country_fe)[T.SK],0.1743355224706262,0.0023182687944264383,1.1904549231969295,1.1850580955039087,1.195876328376285,0.0,< .001,***
not_informed,Baseline (common N),public_sector,-0.05747880984847614,0.05413361041266347,0.9441418966843039,0.8490996411418863,1.0498225153833027,0.2883286513008091,0.288,
not_informed,Adjusted (common N),Intercept,0.39211770230644244,0.28154223320827565,1.4801119137361187,0.8524037879452363,2.570062813146886,0.16369566408171599,0.164,
not_informed,Adjusted (common N),C(country_fe)[T.BE],0.8329005223716363,0.01987384277652093,2.299980218789089,2.2121137497935957,2.391336796000969,0.0,< .001,***
not_informed,Adjusted (common N),C(country_fe)[T.BG],0.5473849602924172,0.022561164140945614,1.728726413606898,1.6539492139246674,1.8068843879497047,4.908099790025182e-130,< .001,***
not_informed,Adjusted (common N),C(country_fe)[T.CY],0.7564017381464809,0.02186194898623854,2.1305959688053235,2.0412310985188507,2.2238732231658553,2.614786605150054e-262,< .001,***
not_informed,Adjusted (common N),C(country_fe)[T.CZ],1.0248646461847954,0.023514661740382983,2.78671824209148,2.661198954626044,2.91815782781137,0.0,< .001,***
not_informed,Adjusted (common N),C(country_fe)[T.DE],0.16859710462268973,0.022013806378020896,1.1836431584868756,1.1336594334454158,1.2358306959743954,1.878268454016281e-14,< .001,***
not_informed,Adjusted (common N),C(country_fe)[T.DK],1.0757991841571382,0.04534605319950826,2.9323354403760193,2.6829650718643876,3.2048837404022104,2.028872086536161e-124,< .001,***
not_informed,Adjusted (common N),C(country_fe)[T.EE],0.43529134356111787,0.021012699301170293,1.5454132395661562,1.4830595385392442,1.6103885373197802,2.503988705348822e-95,< .001,***
not_informed,Adjusted (common N),C(country_fe)[T.ES],0.9270433205413381,0.02611301545660533,2.5270265137649477,2.4009458183957175,2.6597280756372834,4.710631667735381e-276,< .001,***
not_informed,Adjusted (common N),C(country_fe)[T.FI],0.2313070558929395,0.038976799911172325,1.2602461460509147,1.1675574672511082,1.3602930846525971,2.9477750669780343e-09,< .001,***
not_informed,Adjusted (common N),C(country_fe)[T.FR],1.0011144050697136,0.015141585215250962,2.7213127840520515,2.6417390817754147,2.803283382425541,0.0,< .001,***
not_informed,Adjusted (common N),C(country_fe)[T.GR],1.74112284659449,0.025067055238849077,5.70374425823748,5.430288814078934,5.9909702185693225,0.0,< .001,***
not_informed,Adjusted (common N),C(country_fe)[T.HR],0.7789659591925929,0.022033552808138217,2.179217700012696,2.087111367674925,2.2753887778106807,8.819199812572805e-274,< .001,***
not_informed,Adjusted (common N),C(country_fe)[T.HU],0.3833860690662172,0.02809992451058617,1.4672443784036602,1.3886210842738522,1.5503192990065424,2.2019719151922466e-42,< .001,***
not_informed,Adjusted (common N),C(country_fe)[T.IE],0.6449746988673768,0.017425382066575377,1.905938806251368,1.8419440772995912,1.9721569063597848,6.941059557014843e-300,< .001,***
not_informed,Adjusted (common N),C(country_fe)[T.IT],0.6910441622855148,0.0189098537887661,1.9957983830383013,1.9231828154152273,2.071155770429603,2.2101387058467107e-292,< .001,***
not_informed,Adjusted (common N),C(country_fe)[T.LT],0.5134803830749645,0.023681141501547504,1.6710971438381401,1.5953070070425168,1.7504879323015252,2.9628697017079914e-104,< .001,***
not_informed,Adjusted (common N),C(country_fe)[T.LU],0.26996293897391405,0.028528199827247205,1.3099159030061869,1.2386829707057159,1.3852452270098816,2.9917380016180244e-21,< .001,***
not_informed,Adjusted (common N),C(country_fe)[T.LV],0.5135490351736938,0.02172596670697366,1.6712118721023683,1.601542012430911,1.743912491697053,1.5844287424174706e-123,< .001,***
not_informed,Adjusted (common N),C(country_fe)[T.MT],0.5040077887713309,0.027130064377227942,1.6553422561891522,1.5696204518089527,1.7457455921700191,4.890791720117123e-77,< .001,***
not_informed,Adjusted (common N),C(country_fe)[T.NL],0.992302056183791,0.048633798761771464,2.6974369818318564,2.4521901455186415,2.967211284268185,1.5551179619807524e-92,< .001,***
not_informed,Adjusted (common N),C(country_fe)[T.PL],0.5595961506450732,0.02606314830424158,1.7499656350793065,1.6628172769952747,1.8416814440924425,2.9206849700777834e-102,< .001,***
not_informed,Adjusted (common N),C(country_fe)[T.PT],0.7955733348520967,0.02126884255633585,2.2157109770326286,2.1252451691708996,2.3100276640826958,3.171188206558125e-306,< .001,***
not_informed,Adjusted (common N),C(country_fe)[T.RO],-0.10291558668037176,0.03955475072750813,0.9022031282282665,0.8349015431123935,0.9749299079631646,0.009272199779852176,0.009,**
not_informed,Adjusted (common N),C(country_fe)[T.SE],0.9816177167653086,0.056090579874338214,2.668770065794236,2.390929494905048,2.9788974033975952,1.418160372868645e-68,< .001,***
not_informed,Adjusted (common N),C(country_fe)[T.SI],0.40164452682913143,0.015442820422673692,1.4942800617836347,1.4497297430842313,1.5401994155778111,3.969221544001352e-149,< .001,***
not_informed,Adjusted (common N),C(country_fe)[T.SK],0.042242493922183315,0.02059335326504175,1.0431474049886371,1.0018820320050768,1.0861124102173876,0.040240820195502236,0.040,*
not_informed,Adjusted (common N),C(gender)[T.2],-0.07132654285464213,0.06054183090432059,0.931157779557942,0.82697042119783,1.0484713699619226,0.2387421790502976,0.239,
not_informed,Adjusted (common N),C(gender)[T.3],-0.7547458011776816,0.4755153259100963,0.470130106061914,0.18512227726370195,1.1939260897862978,0.11246360477919974,0.112,
not_informed,Adjusted (common N),C(occupation_code)[T.11],-0.38077796973271927,0.13292403173373238,0.683329592630039,0.5266051329580589,0.886697266965539,0.004174987231394182,0.004,**
not_informed,Adjusted (common N),C(occupation_code)[T.12],-0.11679385698793081,0.11416860996749255,0.8897685938373564,0.7113716859745416,1.1129036566794694,0.3063104590541674,0.306,
not_informed,Adjusted (common N),C(occupation_code)[T.13],0.21703940620380083,0.118241334366871,1.2423930591672425,0.9853983033723079,1.5664127979361373,0.06642232887432242,0.066,
not_informed,Adjusted (common N),C(occupation_code)[T.14],0.14113939169263304,0.14155592635496778,1.1515851582020018,0.8725763463434264,1.5198078450652697,0.31873662239982514,0.319,
not_informed,Adjusted (common N),C(occupation_code)[T.15],0.29975086400609524,0.14888048199540713,1.349522551048888,1.0079821702958056,1.8067890181579698,0.044076165492248645,0.044,*
not_informed,Adjusted (common N),C(occupation_code)[T.16],0.2380895099423902,0.1953531657371449,1.26882275999429,0.8651990705463654,1.8607407833469858,0.22293357629358002,0.223,
not_informed,Adjusted (common N),C(occupation_code)[T.17],0.48112297524075565,0.14298097651632782,1.6178902331095306,1.2224846802486042,2.141187410102271,0.000765592032366256,< .001,***
not_informed,Adjusted (common N),C(occupation_code)[T.18],0.8844352742363993,0.18639921498803272,2.4216164560654176,1.6805137094577782,3.489543838460527,2.086666570804362e-06,< .001,***
not_informed,Adjusted (common N),C(workplace_size)[T.2],0.01938262748217916,0.17519419282783555,1.019571690141046,0.7232562592965341,1.4372864637883,0.9119057105702624,0.912,
not_informed,Adjusted (common N),C(workplace_size)[T.3],-0.12617372503185026,0.17543352114319857,0.881461701519047,0.6249915757393812,1.2431763265379574,0.4720108987280356,0.472,
not_informed,Adjusted (common N),C(workplace_size)[T.4],-0.3015783999230252,0.18546743391136905,0.7396498355912575,0.5142283298354503,1.0638890305114792,0.1039400755587342,0.104,
not_informed,Adjusted (common N),C(workplace_size)[T.5],-0.26525849591304,0.18056375787348616,0.7670076560035218,0.53839813842779,1.0926871814340786,0.1418172642272471,0.142,
not_informed,Adjusted (common N),public_sector,0.1516698237032266,0.0606467948507358,1.1637759217656845,1.0333482828763099,1.3106659376369088,0.01238882195202738,0.012,*
not_informed,Adjusted (common N),age,0.008393777635640998,0.001854516489633588,1.008429104158957,1.004770334095168,1.0121011972657594,6.007441260646484e-06,< .001,***
not_informed,Adjusted (common N),education_age,-0.00606632380566837,0.005390056066950441,0.9939520391858747,0.9835068860794927,1.0045081231102917,0.2603916983871367,0.260,
not_informed,Adjusted (common N),digital_skill_job,-0.5132681157048388,0.05817941640082121,0.5985362931105082,0.53403298274354,0.6708306523129289,1.122727517345468e-18,< .001,***
